event_id,event_name,event_date,fight_id,fighter_1_name,fighter_2_name,weight_class,scored_at,pre_event_evidence,prediction_dir_mtime,prediction_file,predicted_prob_f1,calibrated_prob_f1,predicted_label,predicted_winner_name,confidence_tier,is_uncertain,actual_label,actual_winner_name,resolved,correct,model_name,model_artifact
4198aeef-89b4-5900-94da-ab14d83eb96d,UFC Fight Night: Moicano vs. Duncan,2026-04-04,43997c40-3946-5fd5-8d67-fdcce0c3abc0,Jose Delano,Robert Ruchala,featherweight,2026-03-31 12:09:04.077607+00:00,database_scored_at_before_event,,,0.6184,0.5841,1,Jose Delano,toss-up,True,1.0,Jose Delano,True,True,XGBoost (calibrated),/home/wlodzimierrr/ufc-data/models/xgb/20260328T221117Z
4198aeef-89b4-5900-94da-ab14d83eb96d,UFC Fight Night: Moicano vs. Duncan,2026-04-04,695be5dc-de86-596b-8919-6716a553abd7,Ethyn Ewing,Rafael Estevam,bantamweight,2026-03-31 12:09:04.077607+00:00,database_scored_at_before_event,,,0.5669,0.5259,1,Ethyn Ewing,toss-up,True,1.0,Ethyn Ewing,True,True,XGBoost (calibrated),/home/wlodzimierrr/ufc-data/models/xgb/20260328T221117Z
4198aeef-89b4-5900-94da-ab14d83eb96d,UFC Fight Night: Moicano vs. Duncan,2026-04-04,7c38b661-8972-5347-9a20-42eb629767d6,Renato Moicano,Chris Duncan,lightweight,2026-03-31 12:09:04.077607+00:00,database_scored_at_before_event,,,0.4297,0.3765,0,Chris Duncan,medium,False,1.0,Renato Moicano,True,False,XGBoost (calibrated),/home/wlodzimierrr/ufc-data/models/xgb/20260328T221117Z
4198aeef-89b4-5900-94da-ab14d83eb96d,UFC Fight Night: Moicano vs. Duncan,2026-04-04,a3240036-8369-54b6-baf8-ad2b84b489b4,Alice Pereira,Hailey Cowan,women_bantamweight,2026-03-31 12:09:04.077607+00:00,database_scored_at_before_event,,,0.7723,0.7600,1,Alice Pereira,high,False,1.0,Alice Pereira,True,True,XGBoost (calibrated),/home/wlodzimierrr/ufc-data/models/xgb/20260328T221117Z
4198aeef-89b4-5900-94da-ab14d83eb96d,UFC Fight Night: Moicano vs. Duncan,2026-04-04,a8e8f046-9e7f-5305-90ed-2976f9a1fa97,Guilherme Pat,Thomas Petersen,heavyweight,2026-03-31 12:09:04.077607+00:00,database_scored_at_before_event,,,0.6980,0.6749,1,Guilherme Pat,medium,False,0.0,Thomas Petersen,True,False,XGBoost (calibrated),/home/wlodzimierrr/ufc-data/models/xgb/20260328T221117Z
4198aeef-89b4-5900-94da-ab14d83eb96d,UFC Fight Night: Moicano vs. Duncan,2026-04-04,b57fb8b9-0b8c-544b-ad86-4f1d72d83b25,Azamat Bekoev,Tresean Gore,middleweight,2026-03-31 12:09:04.077607+00:00,database_scored_at_before_event,,,0.6828,0.6575,1,Azamat Bekoev,medium,False,0.0,Tresean Gore,True,False,XGBoost (calibrated),/home/wlodzimierrr/ufc-data/models/xgb/20260328T221117Z
4198aeef-89b4-5900-94da-ab14d83eb96d,UFC Fight Night: Moicano vs. Duncan,2026-04-04,b9f51174-1bd7-5209-bc48-1064551bee80,Alessandro Costa,Stewart Nicoll,flyweight,2026-03-31 12:09:04.077607+00:00,database_scored_at_before_event,,,0.6487,0.6185,1,Alessandro Costa,medium,False,1.0,Alessandro Costa,True,True,XGBoost (calibrated),/home/wlodzimierrr/ufc-data/models/xgb/20260328T221117Z
4198aeef-89b4-5900-94da-ab14d83eb96d,UFC Fight Night: Moicano vs. Duncan,2026-04-04,bd2e1624-cd5b-5677-982b-2b59ae711ed8,Tommy McMillen,Manolo Zecchini,featherweight,2026-03-31 12:09:04.077607+00:00,database_scored_at_before_event,,,0.6678,0.6403,1,Tommy McMillen,medium,False,1.0,Tommy McMillen,True,True,XGBoost (calibrated),/home/wlodzimierrr/ufc-data/models/xgb/20260328T221117Z
4198aeef-89b4-5900-94da-ab14d83eb96d,UFC Fight Night: Moicano vs. Duncan,2026-04-04,c0633b26-b3d5-5cea-b6c4-0dd0e96b96ca,Lando Vannata,Darrius Flowers,lightweight,2026-03-31 12:09:04.077607+00:00,database_scored_at_before_event,,,0.4964,0.4480,0,Darrius Flowers,toss-up,True,0.0,Darrius Flowers,True,True,XGBoost (calibrated),/home/wlodzimierrr/ufc-data/models/xgb/20260328T221117Z
4198aeef-89b4-5900-94da-ab14d83eb96d,UFC Fight Night: Moicano vs. Duncan,2026-04-04,d10ce9c1-aa97-56c8-9d71-d3f779c2fc6a,Abdul Rakhman Yakhyaev,Brendson Ribeiro,light_heavyweight,2026-03-31 12:09:04.077607+00:00,database_scored_at_before_event,,,0.7547,0.7399,1,Abdul Rakhman Yakhyaev,high,False,1.0,Abdul Rakhman Yakhyaev,True,True,XGBoost (calibrated),/home/wlodzimierrr/ufc-data/models/xgb/20260328T221117Z
4198aeef-89b4-5900-94da-ab14d83eb96d,UFC Fight Night: Moicano vs. Duncan,2026-04-04,f89bad5a-fa21-524f-8dd5-d053e3f1e571,Virna Jandiroba,Tabatha Ricci,women_strawweight,2026-03-31 12:09:04.077607+00:00,database_scored_at_before_event,,,0.5720,0.5317,1,Virna Jandiroba,toss-up,True,1.0,Virna Jandiroba,True,True,XGBoost (calibrated),/home/wlodzimierrr/ufc-data/models/xgb/20260328T221117Z
d5873187-f2ab-568a-a182-b2fa8bb65731,UFC 327: Prochazka vs. Ulberg,2026-04-11,165ec5ec-83ee-5c91-b8c6-8f4b105f1acc,Jiri Prochazka,Carlos Ulberg,light_heavyweight,2026-04-06 17:11:01.455546+00:00,database_scored_at_before_event,,,0.6285,0.5955,1,Jiri Prochazka,toss-up,True,0.0,Carlos Ulberg,True,False,XGBoost (calibrated),/home/wlodzimierrr/ufc-data/models/xgb/20260328T221117Z
d5873187-f2ab-568a-a182-b2fa8bb65731,UFC 327: Prochazka vs. Ulberg,2026-04-11,20995c91-db22-53b2-b5af-5a31d5b36873,Patricio Freire,Aaron Pico,featherweight,2026-04-06 17:11:01.455546+00:00,database_scored_at_before_event,,,0.4011,0.3466,0,Aaron Pico,medium,False,0.0,Aaron Pico,True,True,XGBoost (calibrated),/home/wlodzimierrr/ufc-data/models/xgb/20260328T221117Z
d5873187-f2ab-568a-a182-b2fa8bb65731,UFC 327: Prochazka vs. Ulberg,2026-04-11,49b9e9de-92f4-50a4-bee4-0fcdc9794425,Curtis Blaydes,Josh Hokit,heavyweight,2026-04-06 17:11:01.455546+00:00,database_scored_at_before_event,,,0.4412,0.3886,0,Josh Hokit,medium,False,0.0,Josh Hokit,True,True,XGBoost (calibrated),/home/wlodzimierrr/ufc-data/models/xgb/20260328T221117Z
d5873187-f2ab-568a-a182-b2fa8bb65731,UFC 327: Prochazka vs. Ulberg,2026-04-11,5f2df4f3-17ea-50a5-9324-18122515db77,Azamat Murzakanov,Paulo Costa,light_heavyweight,2026-04-06 17:11:01.455546+00:00,database_scored_at_before_event,,,0.6220,0.5881,1,Azamat Murzakanov,toss-up,True,0.0,Paulo Costa,True,False,XGBoost (calibrated),/home/wlodzimierrr/ufc-data/models/xgb/20260328T221117Z
d5873187-f2ab-568a-a182-b2fa8bb65731,UFC 327: Prochazka vs. Ulberg,2026-04-11,922f7a28-0796-595a-a5e7-9dfdca21bb51,Cub Swanson,Nate Landwehr,featherweight,2026-04-06 17:11:01.455546+00:00,database_scored_at_before_event,,,0.5625,0.5211,1,Cub Swanson,toss-up,True,1.0,Cub Swanson,True,True,XGBoost (calibrated),/home/wlodzimierrr/ufc-data/models/xgb/20260328T221117Z
d5873187-f2ab-568a-a182-b2fa8bb65731,UFC 327: Prochazka vs. Ulberg,2026-04-11,95a3159b-ae15-5edd-b4b9-fe909ed4004a,Tatiana Suarez,Loopy Godinez,women_strawweight,2026-04-06 17:11:01.455546+00:00,database_scored_at_before_event,,,0.6206,0.5865,1,Tatiana Suarez,toss-up,True,1.0,Tatiana Suarez,True,True,XGBoost (calibrated),/home/wlodzimierrr/ufc-data/models/xgb/20260328T221117Z
d5873187-f2ab-568a-a182-b2fa8bb65731,UFC 327: Prochazka vs. Ulberg,2026-04-11,ca65cc08-1753-5071-8b86-b0ec0c755c5a,Kelvin Gastelum,Vicente Luque,middleweight,2026-04-06 17:11:01.455546+00:00,database_scored_at_before_event,,,0.6357,0.6036,1,Kelvin Gastelum,medium,False,0.0,Vicente Luque,True,False,XGBoost (calibrated),/home/wlodzimierrr/ufc-data/models/xgb/20260328T221117Z
d5873187-f2ab-568a-a182-b2fa8bb65731,UFC 327: Prochazka vs. Ulberg,2026-04-11,d6785f0f-6806-5a10-afbc-2d4a406c03f5,Mateusz Gamrot,Esteban Ribovics,lightweight,2026-04-06 17:11:01.455546+00:00,database_scored_at_before_event,,,0.6670,0.6394,1,Mateusz Gamrot,medium,False,1.0,Mateusz Gamrot,True,True,XGBoost (calibrated),/home/wlodzimierrr/ufc-data/models/xgb/20260328T221117Z
d5873187-f2ab-568a-a182-b2fa8bb65731,UFC 327: Prochazka vs. Ulberg,2026-04-11,eff44d9d-21f6-5d45-b11c-a5d86d20c425,Kevin Holland,Randy Brown,welterweight,2026-04-06 17:11:01.455546+00:00,database_scored_at_before_event,,,0.6361,0.6041,1,Kevin Holland,medium,False,1.0,Kevin Holland,True,True,XGBoost (calibrated),/home/wlodzimierrr/ufc-data/models/xgb/20260328T221117Z
d5873187-f2ab-568a-a182-b2fa8bb65731,UFC 327: Prochazka vs. Ulberg,2026-04-11,f7ea20a5-40fe-5def-a14b-e5c0dccd90af,Joshua Van,Tatsuro Taira,flyweight,2026-04-06 17:11:01.455546+00:00,database_scored_at_before_event,,,0.6406,0.6092,1,Joshua Van,medium,False,,Pending / no W-L result,False,,XGBoost (calibrated),/home/wlodzimierrr/ufc-data/models/xgb/20260328T221117Z
d5873187-f2ab-568a-a182-b2fa8bb65731,UFC 327: Prochazka vs. Ulberg,2026-04-11,fac4c2cb-7bc2-5bde-b83f-aac03ea2cbfc,Dominick Reyes,Johnny Walker,light_heavyweight,2026-04-06 17:11:01.455546+00:00,database_scored_at_before_event,,,0.6143,0.5793,1,Dominick Reyes,toss-up,True,1.0,Dominick Reyes,True,True,XGBoost (calibrated),/home/wlodzimierrr/ufc-data/models/xgb/20260328T221117Z
f9fdb60d-f963-535d-a85d-6d782b6e17f4,UFC Fight Night: Burns vs. Malott,2026-04-18,00c4ae73-1fd4-5893-8f1c-1b17afbdea01,Mandel Nallo,Jai Herbert,lightweight,2026-04-06 17:11:01.455546+00:00,database_scored_at_before_event,,,0.7283,0.7097,1,Mandel Nallo,high,False,0.0,Jai Herbert,True,False,XGBoost (calibrated),/home/wlodzimierrr/ufc-data/models/xgb/20260328T221117Z
f9fdb60d-f963-535d-a85d-6d782b6e17f4,UFC Fight Night: Burns vs. Malott,2026-04-18,1c822267-6168-56a4-bf44-ae47c3ef96cc,Dennis Buzukja,Marcio Barbosa,featherweight,2026-04-06 17:11:01.455546+00:00,database_scored_at_before_event,,,0.5730,0.5328,1,Dennis Buzukja,toss-up,True,0.0,Marcio Barbosa,True,False,XGBoost (calibrated),/home/wlodzimierrr/ufc-data/models/xgb/20260328T221117Z
f9fdb60d-f963-535d-a85d-6d782b6e17f4,UFC Fight Night: Burns vs. Malott,2026-04-18,20fd242f-ae7f-5257-9297-2226aa15e447,Jasmine Jasudavicius,Karine Silva,women_flyweight,2026-04-06 17:11:01.455546+00:00,database_scored_at_before_event,,,0.5923,0.5545,1,Jasmine Jasudavicius,toss-up,True,1.0,Jasmine Jasudavicius,True,True,XGBoost (calibrated),/home/wlodzimierrr/ufc-data/models/xgb/20260328T221117Z
f9fdb60d-f963-535d-a85d-6d782b6e17f4,UFC Fight Night: Burns vs. Malott,2026-04-18,4b08f65d-db68-5091-9568-4748c4cf7318,John Castaneda,Mark Vologdin,bantamweight,2026-04-06 17:11:01.455546+00:00,database_scored_at_before_event,,,0.5500,0.5071,1,John Castaneda,toss-up,True,,Pending / no W-L result,False,,XGBoost (calibrated),/home/wlodzimierrr/ufc-data/models/xgb/20260328T221117Z
f9fdb60d-f963-535d-a85d-6d782b6e17f4,UFC Fight Night: Burns vs. Malott,2026-04-18,59b12bcb-e859-54fc-a77a-265813e7173c,Mitch Raposo,Allan Nascimento,flyweight,2026-04-06 17:11:01.455546+00:00,database_scored_at_before_event,,,0.7239,0.7046,1,Mitch Raposo,high,False,,Pending / no W-L result,False,,XGBoost (calibrated),/home/wlodzimierrr/ufc-data/models/xgb/20260328T221117Z
f9fdb60d-f963-535d-a85d-6d782b6e17f4,UFC Fight Night: Burns vs. Malott,2026-04-18,6220ff97-1331-5548-941a-9c836df045b3,JJ Aldrich,Jamey-Lyn Horth,women_flyweight,2026-04-06 17:11:01.455546+00:00,database_scored_at_before_event,,,0.4515,0.3996,0,Jamey-Lyn Horth,medium,False,1.0,JJ Aldrich,True,False,XGBoost (calibrated),/home/wlodzimierrr/ufc-data/models/xgb/20260328T221117Z
f9fdb60d-f963-535d-a85d-6d782b6e17f4,UFC Fight Night: Burns vs. Malott,2026-04-18,cbdc6048-0b50-516d-8ea5-1da687afee38,Kyler Phillips,Charles Jourdain,bantamweight,2026-04-06 17:11:01.455546+00:00,database_scored_at_before_event,,,0.6226,0.5887,1,Kyler Phillips,toss-up,True,0.0,Charles Jourdain,True,False,XGBoost (calibrated),/home/wlodzimierrr/ufc-data/models/xgb/20260328T221117Z
f9fdb60d-f963-535d-a85d-6d782b6e17f4,UFC Fight Night: Burns vs. Malott,2026-04-18,ccd079d0-97e3-53a6-b649-8f6ac080acee,Melissa Croden,Daria Zhelezniakova,women_bantamweight,2026-04-06 17:11:01.455546+00:00,database_scored_at_before_event,,,0.6305,0.5977,1,Melissa Croden,toss-up,True,1.0,Melissa Croden,True,True,XGBoost (calibrated),/home/wlodzimierrr/ufc-data/models/xgb/20260328T221117Z
f9fdb60d-f963-535d-a85d-6d782b6e17f4,UFC Fight Night: Burns vs. Malott,2026-04-18,fd71642d-7b31-53b9-b63a-e4709f13149f,Gilbert Burns,Mike Malott,welterweight,2026-04-06 17:11:01.455546+00:00,database_scored_at_before_event,,,0.4166,0.3627,0,Mike Malott,medium,False,0.0,Mike Malott,True,True,XGBoost (calibrated),/home/wlodzimierrr/ufc-data/models/xgb/20260328T221117Z
f9fdb60d-f963-535d-a85d-6d782b6e17f4,UFC Fight Night: Burns vs. Malott,2026-04-18,ff6ebdd1-10be-5860-b350-185f3beec00b,DongHun Choi,Andre Lima,flyweight,2026-04-06 17:11:01.455546+00:00,database_scored_at_before_event,,,0.7158,0.6953,1,DongHun Choi,medium,False,,Pending / no W-L result,False,,XGBoost (calibrated),/home/wlodzimierrr/ufc-data/models/xgb/20260328T221117Z
3fe99c83-f413-56b9-a413-13e789a197f5,UFC Fight Night: Sterling vs. Zalal,2026-04-25,16ddf587-3df5-57a3-917e-1fa4d8e8e1a9,Norma Dumont,Joselyne Edwards,women_bantamweight,2026-04-06 17:11:01.455546+00:00,database_scored_at_before_event,,,0.6303,0.5975,1,Norma Dumont,toss-up,True,0.0,Joselyne Edwards,True,False,XGBoost (calibrated),/home/wlodzimierrr/ufc-data/models/xgb/20260328T221117Z
3fe99c83-f413-56b9-a413-13e789a197f5,UFC Fight Night: Sterling vs. Zalal,2026-04-25,24f37b7e-2a83-5a55-9677-0454659927b1,Jackson McVey,Sedriques Dumas,middleweight,2026-04-06 17:11:01.455546+00:00,database_scored_at_before_event,,,0.6366,0.6047,1,Jackson McVey,medium,False,1.0,Jackson McVey,True,True,XGBoost (calibrated),/home/wlodzimierrr/ufc-data/models/xgb/20260328T221117Z
3fe99c83-f413-56b9-a413-13e789a197f5,UFC Fight Night: Sterling vs. Zalal,2026-04-25,73dec48a-a3bb-5f33-a421-d14a2533d7e2,Montel Jackson,Raoni Barcelos,bantamweight,2026-04-06 17:11:01.455546+00:00,database_scored_at_before_event,,,0.6809,0.6553,1,Montel Jackson,medium,False,0.0,Raoni Barcelos,True,False,XGBoost (calibrated),/home/wlodzimierrr/ufc-data/models/xgb/20260328T221117Z
3fe99c83-f413-56b9-a413-13e789a197f5,UFC Fight Night: Sterling vs. Zalal,2026-04-25,9de8cacf-6b35-5d1f-bb99-e2891a986de8,Davey Grant,Adrian Luna Martinetti,bantamweight,2026-04-06 17:11:01.455546+00:00,database_scored_at_before_event,,,0.5183,0.4721,0,Adrian Luna Martinetti,toss-up,True,1.0,Davey Grant,True,False,XGBoost (calibrated),/home/wlodzimierrr/ufc-data/models/xgb/20260328T221117Z
3fe99c83-f413-56b9-a413-13e789a197f5,UFC Fight Night: Sterling vs. Zalal,2026-04-25,a84e6753-76e7-5763-962c-b9b3a7bfdad3,Aljamain Sterling,Youssef Zalal,featherweight,2026-04-06 17:11:01.455546+00:00,database_scored_at_before_event,,,0.5964,0.5591,1,Aljamain Sterling,toss-up,True,1.0,Aljamain Sterling,True,True,XGBoost (calibrated),/home/wlodzimierrr/ufc-data/models/xgb/20260328T221117Z
3fe99c83-f413-56b9-a413-13e789a197f5,UFC Fight Night: Sterling vs. Zalal,2026-04-25,da017aa3-5f67-5de9-82bb-a65226174cc6,Rodolfo Vieira,Eric McConico,middleweight,2026-04-06 17:11:01.455546+00:00,database_scored_at_before_event,,,0.5799,0.5406,1,Rodolfo Vieira,toss-up,True,0.0,Eric McConico,True,False,XGBoost (calibrated),/home/wlodzimierrr/ufc-data/models/xgb/20260328T221117Z
3fe99c83-f413-56b9-a413-13e789a197f5,UFC Fight Night: Sterling vs. Zalal,2026-04-25,e45165aa-fe35-5bd6-a03a-906b5757d5c6,Jafel Filho,Lucas Rocha,flyweight,2026-04-06 17:11:01.455546+00:00,database_scored_at_before_event,,,0.5600,0.5183,1,Jafel Filho,toss-up,True,,Fighter changed: Jafel Filho vs Cody Durden,False,,XGBoost (calibrated),/home/wlodzimierrr/ufc-data/models/xgb/20260328T221117Z
3fe99c83-f413-56b9-a413-13e789a197f5,UFC Fight Night: Sterling vs. Zalal,2026-04-25,effffdc9-0a40-56e7-a75d-ad5b7e3be83d,Talita Alencar,Julia Polastri,women_strawweight,2026-04-06 17:11:01.455546+00:00,database_scored_at_before_event,,,0.5740,0.5339,1,Talita Alencar,toss-up,True,1.0,Talita Alencar,True,True,XGBoost (calibrated),/home/wlodzimierrr/ufc-data/models/xgb/20260328T221117Z
3fe99c83-f413-56b9-a413-13e789a197f5,UFC Fight Night: Sterling vs. Zalal,2026-04-25,fbe7b3a0-ef81-585d-be48-ddaa90ec4760,Mayra Bueno Silva,Michelle Montague,women_bantamweight,2026-04-06 17:11:01.455546+00:00,database_scored_at_before_event,,,0.4935,0.4449,0,Michelle Montague,toss-up,True,0.0,Michelle Montague,True,True,XGBoost (calibrated),/home/wlodzimierrr/ufc-data/models/xgb/20260328T221117Z
dee0f510-51ac-5484-85c1-add420b2bf4b,UFC Fight Night: Della Maddalena vs. Prates,2026-05-02,09d3d5ce-8a66-5aff-b228-a52f31a7909e,Jacob Malkoun,Gerald Meerschaert,middleweight,2026-04-06 17:11:01.455546+00:00,database_scored_at_before_event,,,0.7716,0.7592,1,Jacob Malkoun,high,False,1.0,Jacob Malkoun,True,True,XGBoost (calibrated),/home/wlodzimierrr/ufc-data/models/xgb/20260328T221117Z
dee0f510-51ac-5484-85c1-add420b2bf4b,UFC Fight Night: Della Maddalena vs. Prates,2026-05-02,1cbc3025-e373-551b-b0e0-25d85fb65b9c,Jack Della Maddalena,Carlos Prates,welterweight,2026-04-06 17:11:01.455546+00:00,database_scored_at_before_event,,,0.7526,0.7375,1,Jack Della Maddalena,high,False,0.0,Carlos Prates,True,False,XGBoost (calibrated),/home/wlodzimierrr/ufc-data/models/xgb/20260328T221117Z
dee0f510-51ac-5484-85c1-add420b2bf4b,UFC Fight Night: Della Maddalena vs. Prates,2026-05-02,42ec9d98-f1c8-5a40-b696-6b36ef6cf342,Dom Mar Fan,Kody Steele,lightweight,2026-04-06 17:11:01.455546+00:00,database_scored_at_before_event,,,0.7700,0.7575,1,Dom Mar Fan,high,False,0.0,Kody Steele,True,False,XGBoost (calibrated),/home/wlodzimierrr/ufc-data/models/xgb/20260328T221117Z
dee0f510-51ac-5484-85c1-add420b2bf4b,UFC Fight Night: Della Maddalena vs. Prates,2026-05-02,5eac42aa-099e-548f-9af6-9b704567e835,Junior Tafa,Kevin Christian,light_heavyweight,2026-04-06 17:11:01.455546+00:00,database_scored_at_before_event,,,0.6695,0.6423,1,Junior Tafa,medium,False,1.0,Junior Tafa,True,True,XGBoost (calibrated),/home/wlodzimierrr/ufc-data/models/xgb/20260328T221117Z
dee0f510-51ac-5484-85c1-add420b2bf4b,UFC Fight Night: Della Maddalena vs. Prates,2026-05-02,7f557a91-c730-5125-ad7e-a50d138fe4fb,Cam Rowston,Robert Bryczek,middleweight,2026-04-06 17:11:01.455546+00:00,database_scored_at_before_event,,,0.7182,0.6981,1,Cam Rowston,medium,False,1.0,Cam Rowston,True,True,XGBoost (calibrated),/home/wlodzimierrr/ufc-data/models/xgb/20260328T221117Z
dee0f510-51ac-5484-85c1-add420b2bf4b,UFC Fight Night: Della Maddalena vs. Prates,2026-05-02,815c5c7c-efc2-517c-9de0-e347484cb013,Tai Tuivasa,Sean Sharaf,heavyweight,2026-04-06 17:11:01.455546+00:00,database_scored_at_before_event,,,0.5432,0.4996,0,Sean Sharaf,toss-up,True,,Fighter changed: Tai Tuivasa vs Louie Sutherland,False,,XGBoost (calibrated),/home/wlodzimierrr/ufc-data/models/xgb/20260328T221117Z
dee0f510-51ac-5484-85c1-add420b2bf4b,UFC Fight Night: Della Maddalena vs. Prates,2026-05-02,c6e4fe50-736e-5a81-a7f7-0dda592e972d,Steve Erceg,Tim Elliott,flyweight,2026-04-06 17:11:01.455546+00:00,database_scored_at_before_event,,,0.7079,0.6863,1,Steve Erceg,medium,False,1.0,Steve Erceg,True,True,XGBoost (calibrated),/home/wlodzimierrr/ufc-data/models/xgb/20260328T221117Z
dee0f510-51ac-5484-85c1-add420b2bf4b,UFC Fight Night: Della Maddalena vs. Prates,2026-05-02,e8fbb614-8112-5f1c-a194-e07b36556ed4,Beneil Dariush,Quillan Salkilld,lightweight,2026-04-06 17:11:01.455546+00:00,database_scored_at_before_event,,,0.5482,0.5051,1,Beneil Dariush,toss-up,True,0.0,Quillan Salkilld,True,False,XGBoost (calibrated),/home/wlodzimierrr/ufc-data/models/xgb/20260328T221117Z
8bf7444e-d9a6-5c22-94d2-76ca71b1080c,UFC 328: Chimaev vs. Strickland,2026-05-09,3b1c7d16-8614-5b9c-9c56-57f4c015af80,King Green,Jeremy Stephens,lightweight,2026-04-06 17:11:01.455546+00:00,database_scored_at_before_event,,,0.7024,0.6799,1,King Green,medium,False,1.0,King Green,True,True,XGBoost (calibrated),/home/wlodzimierrr/ufc-data/models/xgb/20260328T221117Z
8bf7444e-d9a6-5c22-94d2-76ca71b1080c,UFC 328: Chimaev vs. Strickland,2026-05-09,60e0676c-842c-581c-8104-2d7b43e3d4d4,Sean Brady,Joaquin Buckley,welterweight,2026-04-06 17:11:01.455546+00:00,database_scored_at_before_event,,,0.7100,0.6886,1,Sean Brady,medium,False,1.0,Sean Brady,True,True,XGBoost (calibrated),/home/wlodzimierrr/ufc-data/models/xgb/20260328T221117Z
8bf7444e-d9a6-5c22-94d2-76ca71b1080c,UFC 328: Chimaev vs. Strickland,2026-05-09,651d22d8-3995-5ec8-973d-9a9225d9fd44,Khamzat Chimaev,Sean Strickland,middleweight,2026-04-06 17:11:01.455546+00:00,database_scored_at_before_event,,,0.7118,0.6907,1,Khamzat Chimaev,medium,False,0.0,Sean Strickland,True,False,XGBoost (calibrated),/home/wlodzimierrr/ufc-data/models/xgb/20260328T221117Z
8bf7444e-d9a6-5c22-94d2-76ca71b1080c,UFC 328: Chimaev vs. Strickland,2026-05-09,7262386a-9f4e-5fd9-ae6d-7396a476a548,Joshua Van,Tatsuro Taira,flyweight,2026-04-06 17:11:01.455546+00:00,database_scored_at_before_event,,,0.6406,0.6092,1,Joshua Van,medium,False,1.0,Joshua Van,True,True,XGBoost (calibrated),/home/wlodzimierrr/ufc-data/models/xgb/20260328T221117Z
8bf7444e-d9a6-5c22-94d2-76ca71b1080c,UFC 328: Chimaev vs. Strickland,2026-05-09,7462d79f-bb7e-5730-a4ef-04dcaeb673f4,Ateba Gautier,Ozzy Diaz,middleweight,2026-04-06 17:11:01.455546+00:00,database_scored_at_before_event,,,0.7435,0.7271,1,Ateba Gautier,high,False,1.0,Ateba Gautier,True,True,XGBoost (calibrated),/home/wlodzimierrr/ufc-data/models/xgb/20260328T221117Z
8bf7444e-d9a6-5c22-94d2-76ca71b1080c,UFC 328: Chimaev vs. Strickland,2026-05-09,841f63f9-42e5-5dfd-87a0-52675f0ac91e,Baisangur Susurkaev,Djorden Santos,middleweight,2026-04-06 17:11:01.455546+00:00,database_scored_at_before_event,,,0.7420,0.7254,1,Baisangur Susurkaev,high,False,1.0,Baisangur Susurkaev,True,True,XGBoost (calibrated),/home/wlodzimierrr/ufc-data/models/xgb/20260328T221117Z
8bf7444e-d9a6-5c22-94d2-76ca71b1080c,UFC 328: Chimaev vs. Strickland,2026-05-09,b0ee0f84-eccc-56d7-b8a2-bacb4ca63c1f,Jan Blachowicz,Bogdan Guskov,light_heavyweight,2026-04-06 17:11:01.455546+00:00,database_scored_at_before_event,,,0.4994,0.4513,0,Bogdan Guskov,toss-up,True,,Pending / no W-L result,False,,XGBoost (calibrated),/home/wlodzimierrr/ufc-data/models/xgb/20260328T221117Z
8bf7444e-d9a6-5c22-94d2-76ca71b1080c,UFC 328: Chimaev vs. Strickland,2026-05-09,c2b431df-2a5e-5197-8590-32c4dec0b7fc,Alexander Volkov,Waldo Cortes Acosta,heavyweight,2026-04-06 17:11:01.455546+00:00,database_scored_at_before_event,,,0.5225,0.4766,0,Waldo Cortes Acosta,toss-up,True,1.0,Alexander Volkov,True,False,XGBoost (calibrated),/home/wlodzimierrr/ufc-data/models/xgb/20260328T221117Z
8bf7444e-d9a6-5c22-94d2-76ca71b1080c,UFC 328: Chimaev vs. Strickland,2026-05-09,d2307292-adf1-51e9-a374-f71cd9f9f872,Roman Kopylov,Marco Tulio,middleweight,2026-04-06 17:11:01.455546+00:00,database_scored_at_before_event,,,0.4454,0.3931,0,Marco Tulio,medium,False,1.0,Roman Kopylov,True,False,XGBoost (calibrated),/home/wlodzimierrr/ufc-data/models/xgb/20260328T221117Z
8bf7444e-d9a6-5c22-94d2-76ca71b1080c,UFC 328: Chimaev vs. Strickland,2026-05-09,d5832f98-f952-5d69-9131-2e724c0cbb44,Clayton Carpenter,Jose Ochoa,flyweight,2026-04-06 17:11:01.455546+00:00,database_scored_at_before_event,,,0.6029,0.5665,1,Clayton Carpenter,toss-up,True,0.0,Jose Ochoa,True,False,XGBoost (calibrated),/home/wlodzimierrr/ufc-data/models/xgb/20260328T221117Z
f1e5063b-1038-5cc4-a825-4bfdaea5e8df,UFC Fight Night: Allen vs. Costa,2026-05-16,5c5458ea-4757-58b7-9483-af2dbdc93876,Daniel Barez,Luis Gurule,flyweight,2026-04-06 17:11:01.455546+00:00,database_scored_at_before_event,,,0.3620,0.3064,0,Luis Gurule,medium,False,0.0,Luis Gurule,True,True,XGBoost (calibrated),/home/wlodzimierrr/ufc-data/models/xgb/20260328T221117Z
f1e5063b-1038-5cc4-a825-4bfdaea5e8df,UFC Fight Night: Allen vs. Costa,2026-05-16,80573503-ed65-5654-bf47-76c8a7b07d0e,Alice Ardelean,Polyana Viana,women_strawweight,2026-04-06 17:11:01.455546+00:00,database_scored_at_before_event,,,0.5928,0.5551,1,Alice Ardelean,toss-up,True,1.0,Alice Ardelean,True,True,XGBoost (calibrated),/home/wlodzimierrr/ufc-data/models/xgb/20260328T221117Z
f1e5063b-1038-5cc4-a825-4bfdaea5e8df,UFC Fight Night: Allen vs. Costa,2026-05-16,8381318b-639a-525a-a723-fb85e62cbf01,Arnold Allen,Melquizael Costa,featherweight,2026-04-06 17:11:01.455546+00:00,database_scored_at_before_event,,,0.5403,0.4963,0,Melquizael Costa,toss-up,True,1.0,Arnold Allen,True,False,XGBoost (calibrated),/home/wlodzimierrr/ufc-data/models/xgb/20260328T221117Z
f1e5063b-1038-5cc4-a825-4bfdaea5e8df,UFC Fight Night: Allen vs. Costa,2026-05-16,c93d228a-a175-554c-a625-dd166dddf13f,Ketlen Vieira,Jacqueline Cavalcanti,women_bantamweight,2026-04-06 17:11:01.455546+00:00,database_scored_at_before_event,,,0.4941,0.4456,0,Jacqueline Cavalcanti,toss-up,True,1.0,Ketlen Vieira,True,False,XGBoost (calibrated),/home/wlodzimierrr/ufc-data/models/xgb/20260328T221117Z
f1e5063b-1038-5cc4-a825-4bfdaea5e8df,UFC Fight Night: Allen vs. Costa,2026-05-16,e3f80737-1178-557d-b4d3-1334a7e48684,Tuco Tokkos,Ivan Erslan,light_heavyweight,2026-04-06 17:11:01.455546+00:00,database_scored_at_before_event,,,0.5925,0.5547,1,Tuco Tokkos,toss-up,True,0.0,Ivan Erslan,True,False,XGBoost (calibrated),/home/wlodzimierrr/ufc-data/models/xgb/20260328T221117Z
f1e5063b-1038-5cc4-a825-4bfdaea5e8df,UFC Fight Night: Allen vs. Costa,2026-05-16,e50bde08-61d7-5718-9a69-39e673ffa10a,Modestas Bukauskas,Rodolfo Bellato,light_heavyweight,2026-04-06 17:11:01.455546+00:00,database_scored_at_before_event,,,0.5416,0.4978,0,Rodolfo Bellato,toss-up,True,,Fighter changed: Modestas Bukauskas vs Christian Edwards,False,,XGBoost (calibrated),/home/wlodzimierrr/ufc-data/models/xgb/20260328T221117Z
f1e5063b-1038-5cc4-a825-4bfdaea5e8df,UFC Fight Night: Allen vs. Costa,2026-05-16,ed8667ab-279b-5715-8610-8d3c80c9f1c5,Timmy Cuamba,Benardo Sopaj,bantamweight,2026-04-06 17:11:01.455546+00:00,database_scored_at_before_event,,,0.5828,0.5438,1,Timmy Cuamba,toss-up,True,0.0,Benardo Sopaj,True,False,XGBoost (calibrated),/home/wlodzimierrr/ufc-data/models/xgb/20260328T221117Z
f1e5063b-1038-5cc4-a825-4bfdaea5e8df,UFC Fight Night: Allen vs. Costa,2026-05-16,f8c8e7c0-7875-56af-a22a-80e92127a27d,Shauna Bannon,Nicolle Caliari,women_strawweight,2026-04-06 17:11:01.455546+00:00,database_scored_at_before_event,,,0.5693,0.5287,1,Shauna Bannon,toss-up,True,0.0,Nicolle Caliari,True,False,XGBoost (calibrated),/home/wlodzimierrr/ufc-data/models/xgb/20260328T221117Z
3ea8968a-169f-5183-b28d-4fcfeed9959a,UFC Fight Night: Song vs. Figueiredo,2026-05-30,01aa9cb8-9e00-5824-a7db-8579192d9bcc,Sergei Pavlovich,Tallison Teixeira,heavyweight,2026-04-06 17:11:01.455546+00:00,database_scored_at_before_event,,,0.6743,0.6478,1,Sergei Pavlovich,medium,False,1.0,Sergei Pavlovich,True,True,XGBoost (calibrated),/home/wlodzimierrr/ufc-data/models/xgb/20260328T221117Z
3ea8968a-169f-5183-b28d-4fcfeed9959a,UFC Fight Night: Song vs. Figueiredo,2026-05-30,235734d2-19f3-53e0-84c3-4e677ed66f7b,Zhang Mingyang,Alonzo Menifield,light_heavyweight,2026-04-06 17:11:01.455546+00:00,database_scored_at_before_event,,,0.6542,0.6247,1,Zhang Mingyang,medium,False,0.0,Alonzo Menifield,True,False,XGBoost (calibrated),/home/wlodzimierrr/ufc-data/models/xgb/20260328T221117Z
3ea8968a-169f-5183-b28d-4fcfeed9959a,UFC Fight Night: Song vs. Figueiredo,2026-05-30,43265d17-c045-5ab5-b252-32478d38bfe3,Loma Lookboonmee,Jaqueline Amorim,women_strawweight,2026-04-06 17:11:01.455546+00:00,database_scored_at_before_event,,,0.6059,0.5698,1,Loma Lookboonmee,toss-up,True,0.0,Jaqueline Amorim,True,False,XGBoost (calibrated),/home/wlodzimierrr/ufc-data/models/xgb/20260328T221117Z
3ea8968a-169f-5183-b28d-4fcfeed9959a,UFC Fight Night: Song vs. Figueiredo,2026-05-30,569e168e-a789-5791-8cde-701c7db6a9cc,Kai Asakura,Cameron Smotherman,bantamweight,2026-04-06 17:11:01.455546+00:00,database_scored_at_before_event,,,0.4884,0.4394,0,Cameron Smotherman,toss-up,True,1.0,Kai Asakura,True,False,XGBoost (calibrated),/home/wlodzimierrr/ufc-data/models/xgb/20260328T221117Z
3ea8968a-169f-5183-b28d-4fcfeed9959a,UFC Fight Night: Song vs. Figueiredo,2026-05-30,77bb9a3d-afe4-5df5-98ab-e7d6f480833b,Rei Tsuruya,Jesus Aguilar,flyweight,2026-04-06 17:11:01.455546+00:00,database_scored_at_before_event,,,0.6747,0.6482,1,Rei Tsuruya,medium,False,,Fighter changed: Rei Tsuruya vs Luis Gurule,False,,XGBoost (calibrated),/home/wlodzimierrr/ufc-data/models/xgb/20260328T221117Z
3ea8968a-169f-5183-b28d-4fcfeed9959a,UFC Fight Night: Song vs. Figueiredo,2026-05-30,796765e1-3d7d-5eb2-ba3a-ba2809e9f6f5,Alex Perez,Sumudaerji,flyweight,2026-04-06 17:11:01.455546+00:00,database_scored_at_before_event,,,0.4911,0.4423,0,Sumudaerji,toss-up,True,,Pending / no W-L result,False,,XGBoost (calibrated),/home/wlodzimierrr/ufc-data/models/xgb/20260328T221117Z
3ea8968a-169f-5183-b28d-4fcfeed9959a,UFC Fight Night: Song vs. Figueiredo,2026-05-30,7d77781e-5086-5a43-af9a-82c85baa7c05,Aoriqileng,Cody Haddon,bantamweight,2026-04-06 17:11:01.455546+00:00,database_scored_at_before_event,,,0.3787,0.3234,0,Cody Haddon,medium,False,0.0,Cody Haddon,True,True,XGBoost (calibrated),/home/wlodzimierrr/ufc-data/models/xgb/20260328T221117Z
3ea8968a-169f-5183-b28d-4fcfeed9959a,UFC Fight Night: Song vs. Figueiredo,2026-05-30,cd0c06ff-e092-5a03-a4fc-68545b15db02,Song Yadong,Deiveson Figueiredo,bantamweight,2026-04-06 17:11:01.455546+00:00,database_scored_at_before_event,,,0.7598,0.7458,1,Song Yadong,high,False,1.0,Song Yadong,True,True,XGBoost (calibrated),/home/wlodzimierrr/ufc-data/models/xgb/20260328T221117Z
51164b6d-22a2-5767-ab6a-84c59abfecb7,UFC Fight Night: Muhammad vs. Bonfim,2026-06-06,b2cf0da4-705e-5d82-addc-6f18e0fa8705,Bruno Silva,Edgar Chairez,flyweight,2026-05-31 20:14:28.201894+00:00,database_scored_at_before_event,,,0.5989,0.5627,1,Bruno Silva,toss-up,True,0.0,Edgar Chairez,True,False,XGBoost (calibrated),/home/wlodzimierrr/ufc-data/models/xgb/20260328T221117Z
51164b6d-22a2-5767-ab6a-84c59abfecb7,UFC Fight Night: Muhammad vs. Bonfim,2026-06-06,ca666c11-5735-5afe-9688-0b0882313588,Belal Muhammad,Gabriel Bonfim,welterweight,2026-05-31 20:14:28.201894+00:00,database_scored_at_before_event,,,0.5704,0.5308,1,Belal Muhammad,toss-up,True,0.0,Gabriel Bonfim,True,False,XGBoost (calibrated),/home/wlodzimierrr/ufc-data/models/xgb/20260328T221117Z
51164b6d-22a2-5767-ab6a-84c59abfecb7,UFC Fight Night: Muhammad vs. Bonfim,2026-06-06,dfad314f-bc0f-5376-9b44-918db92b1eae,Jeisla Chaves,Yuneisy Duben,women_flyweight,2026-05-31 20:14:28.201894+00:00,database_scored_at_before_event,,,0.6671,0.6400,1,Jeisla Chaves,medium,False,1.0,Jeisla Chaves,True,True,XGBoost (calibrated),/home/wlodzimierrr/ufc-data/models/xgb/20260328T221117Z
51164b6d-22a2-5767-ab6a-84c59abfecb7,UFC Fight Night: Muhammad vs. Bonfim,2026-06-06,ebcf9bf1-da8e-59eb-8ba0-476d4b50432a,Imanol Rodriguez,Matt Schnell,flyweight,2026-05-31 20:14:28.201894+00:00,database_scored_at_before_event,,,0.8027,0.7946,1,Imanol Rodriguez,high,False,,Fighter changed: Matt Schnell vs Alessandro Costa,False,,XGBoost (calibrated),/home/wlodzimierrr/ufc-data/models/xgb/20260328T221117Z
51164b6d-22a2-5767-ab6a-84c59abfecb7,UFC Fight Night: Muhammad vs. Bonfim,2026-06-06,f4a4a051-0eac-5db3-9f8d-f67a5dbc1c75,Iwo Baraniewski,Billy Elekana,light_heavyweight,2026-05-31 20:14:28.201894+00:00,database_scored_at_before_event,,,0.6237,0.5907,1,Iwo Baraniewski,toss-up,True,,Fighter changed: Iwo Baraniewski vs Junior Tafa,False,,XGBoost (calibrated),/home/wlodzimierrr/ufc-data/models/xgb/20260328T221117Z
aa7c03cc-8a0d-529c-afca-67b9d38e88da,UFC Freedom 250,2026-06-14,1bba5c25-05f2-52b8-ba49-a92fdb1bbcb7,Diego Lopes,Steve Garcia,featherweight,2026-05-31 20:14:28.201894+00:00,database_scored_at_before_event,,,0.5343,0.4907,0,Steve Garcia,toss-up,True,1.0,Diego Lopes,True,False,XGBoost (calibrated),/home/wlodzimierrr/ufc-data/models/xgb/20260328T221117Z
aa7c03cc-8a0d-529c-afca-67b9d38e88da,UFC Freedom 250,2026-06-14,6161d3e7-9392-515a-b766-d93e637bc6c9,Alex Pereira,Ciryl Gane,heavyweight,2026-05-31 20:14:28.201894+00:00,database_scored_at_before_event,,,0.5717,0.5322,1,Alex Pereira,toss-up,True,0.0,Ciryl Gane,True,False,XGBoost (calibrated),/home/wlodzimierrr/ufc-data/models/xgb/20260328T221117Z
aa7c03cc-8a0d-529c-afca-67b9d38e88da,UFC Freedom 250,2026-06-14,8a8e4047-d6d1-525b-8768-c70a6559394e,Bo Nickal,Kyle Daukaus,middleweight,2026-05-31 20:14:28.201894+00:00,database_scored_at_before_event,,,0.7615,0.7478,1,Bo Nickal,high,False,1.0,Bo Nickal,True,True,XGBoost (calibrated),/home/wlodzimierrr/ufc-data/models/xgb/20260328T221117Z
aa7c03cc-8a0d-529c-afca-67b9d38e88da,UFC Freedom 250,2026-06-14,8e007133-02c8-53dc-a08f-b74218162735,Ilia Topuria,Justin Gaethje,lightweight,2026-05-31 20:14:28.201894+00:00,database_scored_at_before_event,,,0.7908,0.7811,1,Ilia Topuria,high,False,0.0,Justin Gaethje,True,False,XGBoost (calibrated),/home/wlodzimierrr/ufc-data/models/xgb/20260328T221117Z
aa7c03cc-8a0d-529c-afca-67b9d38e88da,UFC Freedom 250,2026-06-14,d6d37520-a029-5d4c-885d-9e28fed5f99c,Mauricio Ruffy,Michael Chandler,lightweight,2026-05-31 20:14:28.201894+00:00,database_scored_at_before_event,,,0.7912,0.7816,1,Mauricio Ruffy,high,False,1.0,Mauricio Ruffy,True,True,XGBoost (calibrated),/home/wlodzimierrr/ufc-data/models/xgb/20260328T221117Z
aa7c03cc-8a0d-529c-afca-67b9d38e88da,UFC Freedom 250,2026-06-14,db6993e7-ed96-58fb-87d0-6775ddc1ca9a,Sean O'Malley,Aiemann Zahabi,bantamweight,2026-05-31 20:14:28.201894+00:00,database_scored_at_before_event,,,0.6723,0.6458,1,Sean O'Malley,medium,False,1.0,Sean O'Malley,True,True,XGBoost (calibrated),/home/wlodzimierrr/ufc-data/models/xgb/20260328T221117Z
25be6b85-905a-5d37-9def-590a06062f74,UFC 329: McGregor vs. Holloway 2,2026-07-11,18811344-e080-54b1-b048-75a9dc30270f,Cory Sandhagen,Mario Bautista,bantamweight,2026-07-01 10:06:40.765321+00:00,database_scored_at_before_event,,,0.5518,0.5102,1,Cory Sandhagen,toss-up,True,0.0,Mario Bautista,True,False,XGBoost (calibrated),/home/wlodzimierrr/ufc-data/models/xgb/20260328T221117Z
25be6b85-905a-5d37-9def-590a06062f74,UFC 329: McGregor vs. Holloway 2,2026-07-11,224b4e77-d532-5698-bfb9-28bcc317e207,Conor McGregor,Max Holloway,welterweight,2026-07-01 10:06:40.765321+00:00,database_scored_at_before_event,,,0.5842,0.5465,1,Conor McGregor,toss-up,True,0.0,Max Holloway,True,False,XGBoost (calibrated),/home/wlodzimierrr/ufc-data/models/xgb/20260328T221117Z
25be6b85-905a-5d37-9def-590a06062f74,UFC 329: McGregor vs. Holloway 2,2026-07-11,32e6fca7-c9fe-55d8-ad76-9f279ceebb10,Brandon Royval,Lone'er Kavanagh,flyweight,2026-07-01 10:06:40.765321+00:00,database_scored_at_before_event,,,0.4540,0.4031,0,Lone'er Kavanagh,toss-up,True,1.0,Brandon Royval,True,False,XGBoost (calibrated),/home/wlodzimierrr/ufc-data/models/xgb/20260328T221117Z
25be6b85-905a-5d37-9def-590a06062f74,UFC 329: McGregor vs. Holloway 2,2026-07-11,442b9d86-0667-5b20-8252-11142ef3f7ad,Tracy Cortez,Wang Cong,women_flyweight,2026-07-01 10:06:40.765321+00:00,database_scored_at_before_event,,,0.5669,0.5270,1,Tracy Cortez,toss-up,True,0.0,Wang Cong,True,False,XGBoost (calibrated),/home/wlodzimierrr/ufc-data/models/xgb/20260328T221117Z
25be6b85-905a-5d37-9def-590a06062f74,UFC 329: McGregor vs. Holloway 2,2026-07-11,5932c3e6-b325-5aee-907a-da13719ec80f,Cody Garbrandt,Adrian Yanez,bantamweight,2026-07-01 10:06:40.765321+00:00,database_scored_at_before_event,,,0.5208,0.4758,0,Adrian Yanez,toss-up,True,0.0,Adrian Yanez,True,True,XGBoost (calibrated),/home/wlodzimierrr/ufc-data/models/xgb/20260328T221117Z
25be6b85-905a-5d37-9def-590a06062f74,UFC 329: McGregor vs. Holloway 2,2026-07-11,5edb9b16-dc50-5cbd-8de0-acf34642892c,Luke Riley,Kai Kamaka III,featherweight,2026-07-01 10:06:40.765321+00:00,database_scored_at_before_event,,,0.7558,0.7425,1,Luke Riley,high,False,1.0,Luke Riley,True,True,XGBoost (calibrated),/home/wlodzimierrr/ufc-data/models/xgb/20260328T221117Z
25be6b85-905a-5d37-9def-590a06062f74,UFC 329: McGregor vs. Holloway 2,2026-07-11,6ccd1d31-8d51-5f94-a9e9-253c8b97e8fc,Robert Whittaker,Nikita Krylov,light_heavyweight,2026-07-01 10:06:40.765321+00:00,database_scored_at_before_event,,,0.6639,0.6371,1,Robert Whittaker,medium,False,1.0,Robert Whittaker,True,True,XGBoost (calibrated),/home/wlodzimierrr/ufc-data/models/xgb/20260328T221117Z
25be6b85-905a-5d37-9def-590a06062f74,UFC 329: McGregor vs. Holloway 2,2026-07-11,7071379e-dc1c-5ae7-a5aa-87a4c1e8d94a,Damian Pinas,Cesar Almeida,middleweight,2026-07-01 10:06:40.765321+00:00,database_scored_at_before_event,,,0.8279,0.8243,1,Damian Pinas,high,False,1.0,Damian Pinas,True,True,XGBoost (calibrated),/home/wlodzimierrr/ufc-data/models/xgb/20260328T221117Z
25be6b85-905a-5d37-9def-590a06062f74,UFC 329: McGregor vs. Holloway 2,2026-07-11,949f5ffc-911a-5802-8474-79be9265aa60,Gable Steveson,Elisha Ellison,heavyweight,2026-07-01 10:06:40.765321+00:00,database_scored_at_before_event,,,0.8992,0.9027,1,Gable Steveson,high,False,1.0,Gable Steveson,True,True,XGBoost (calibrated),/home/wlodzimierrr/ufc-data/models/xgb/20260328T221117Z
25be6b85-905a-5d37-9def-590a06062f74,UFC 329: McGregor vs. Holloway 2,2026-07-11,a870b1bb-7da1-5673-90ae-c1ae6973745e,Benoit Saint Denis,Paddy Pimblett,lightweight,2026-07-01 10:06:40.765321+00:00,database_scored_at_before_event,,,0.7024,0.6812,1,Benoit Saint Denis,medium,False,0.0,Paddy Pimblett,True,False,XGBoost (calibrated),/home/wlodzimierrr/ufc-data/models/xgb/20260328T221117Z
25be6b85-905a-5d37-9def-590a06062f74,UFC 329: McGregor vs. Holloway 2,2026-07-11,d5940e52-62e0-57d0-bcc4-d331181ed4c4,Ode Osbourne,Cody Durden,flyweight,2026-07-01 10:06:40.765321+00:00,database_scored_at_before_event,,,0.6646,0.6378,1,Ode Osbourne,medium,False,,Fighter changed: Alessandro Costa vs Cody Durden,False,,XGBoost (calibrated),/home/wlodzimierrr/ufc-data/models/xgb/20260328T221117Z
68a758a6-bd6a-5ec7-933e-72251614d52f,UFC Fight Night: Du Plessis vs. Usman,2026-07-18,3119317d-2397-5e20-838f-d4508e3eea42,Dricus Du Plessis,Kamaru Usman,middleweight,2026-08-08 18:05:36.577481+00:00,catchup_scored_before_result_load,,,0.7011,0.6798,1,Dricus Du Plessis,medium,False,1.0,Dricus Du Plessis,True,True,XGBoost (calibrated),/home/wlodzimierrr/ufc-data/models/xgb/20260328T221117Z
68a758a6-bd6a-5ec7-933e-72251614d52f,UFC Fight Night: Du Plessis vs. Usman,2026-07-18,36c6e7dd-6acd-5f34-9f91-66afd004ffd5,Levi Rodrigues Jr.,Felipe Franco,light_heavyweight,2026-08-08 18:05:36.577481+00:00,catchup_scored_before_result_load,,,0.6734,0.6479,1,Levi Rodrigues Jr.,medium,False,0.0,Felipe Franco,True,False,XGBoost (calibrated),/home/wlodzimierrr/ufc-data/models/xgb/20260328T221117Z
68a758a6-bd6a-5ec7-933e-72251614d52f,UFC Fight Night: Du Plessis vs. Usman,2026-07-18,425d4ef7-f6dc-53ff-a2a7-fe18a7851933,Ezra Elliott,Damien Anderson,featherweight,2026-08-08 18:05:36.577481+00:00,catchup_scored_before_result_load,,,0.7855,0.7763,1,Ezra Elliott,high,False,1.0,Ezra Elliott,True,True,XGBoost (calibrated),/home/wlodzimierrr/ufc-data/models/xgb/20260328T221117Z
68a758a6-bd6a-5ec7-933e-72251614d52f,UFC Fight Night: Du Plessis vs. Usman,2026-07-18,4e4eed91-2b39-5797-83a7-81cce50c17d2,Jean-Paul Lebosnoyani,Seokhyeon Ko,welterweight,2026-08-08 18:05:36.577481+00:00,catchup_scored_before_result_load,,,0.5773,0.5387,1,Jean-Paul Lebosnoyani,toss-up,True,1.0,Jean-Paul Lebosnoyani,True,True,XGBoost (calibrated),/home/wlodzimierrr/ufc-data/models/xgb/20260328T221117Z
68a758a6-bd6a-5ec7-933e-72251614d52f,UFC Fight Night: Du Plessis vs. Usman,2026-07-18,53b9cada-68ba-5c11-8da4-28833cd6b5fe,Jared Cannonier,Christian Leroy Duncan,middleweight,2026-08-08 18:05:36.577481+00:00,catchup_scored_before_result_load,,,0.8569,0.8566,1,Jared Cannonier,high,False,0.0,Christian Leroy Duncan,True,False,XGBoost (calibrated),/home/wlodzimierrr/ufc-data/models/xgb/20260328T221117Z
68a758a6-bd6a-5ec7-933e-72251614d52f,UFC Fight Night: Du Plessis vs. Usman,2026-07-18,76e979fe-4b60-5d8a-ba49-811cf53505c3,Tabatha Ricci,Fatima Kline,women_strawweight,2026-08-08 18:05:36.577481+00:00,catchup_scored_before_result_load,,,0.3690,0.3140,0,Fatima Kline,medium,False,0.0,Fatima Kline,True,True,XGBoost (calibrated),/home/wlodzimierrr/ufc-data/models/xgb/20260328T221117Z
68a758a6-bd6a-5ec7-933e-72251614d52f,UFC Fight Night: Du Plessis vs. Usman,2026-07-18,a01b704f-c26b-54b0-bc6c-68af89c315eb,Alden Coria,Stewart Nicoll,flyweight,2026-08-08 18:05:36.577481+00:00,catchup_scored_before_result_load,,,0.7650,0.7529,1,Alden Coria,high,False,1.0,Alden Coria,True,True,XGBoost (calibrated),/home/wlodzimierrr/ufc-data/models/xgb/20260328T221117Z
68a758a6-bd6a-5ec7-933e-72251614d52f,UFC Fight Night: Du Plessis vs. Usman,2026-07-18,a259627a-3a95-52ec-ba76-fb1d5e5aceae,Chase Hooper,Mitch Ramirez,lightweight,2026-08-08 18:05:36.577481+00:00,catchup_scored_before_result_load,,,0.9156,0.9201,1,Chase Hooper,high,False,1.0,Chase Hooper,True,True,XGBoost (calibrated),/home/wlodzimierrr/ufc-data/models/xgb/20260328T221117Z
68a758a6-bd6a-5ec7-933e-72251614d52f,UFC Fight Night: Du Plessis vs. Usman,2026-07-18,b3707b19-f5db-5498-af6e-d5942fbff04b,RJ Harris,Alvin Hines,heavyweight,2026-08-08 18:05:36.577481+00:00,catchup_scored_before_result_load,,,0.9207,0.9255,1,RJ Harris,high,False,1.0,RJ Harris,True,True,XGBoost (calibrated),/home/wlodzimierrr/ufc-data/models/xgb/20260328T221117Z
68a758a6-bd6a-5ec7-933e-72251614d52f,UFC Fight Night: Du Plessis vs. Usman,2026-07-18,bafc9895-d371-58b5-b294-a53219377532,Anna Melisano,Dione Barbosa,women_flyweight,2026-08-08 18:05:36.577481+00:00,catchup_scored_before_result_load,,,0.7872,0.7783,1,Anna Melisano,high,False,0.0,Dione Barbosa,True,False,XGBoost (calibrated),/home/wlodzimierrr/ufc-data/models/xgb/20260328T221117Z
68a758a6-bd6a-5ec7-933e-72251614d52f,UFC Fight Night: Du Plessis vs. Usman,2026-07-18,d16ce11f-f1eb-5eee-aefa-304e9ce176d3,Tommy McMillen,Alberto Montes,featherweight,2026-08-08 18:05:36.577481+00:00,catchup_scored_before_result_load,,,0.7319,0.7150,1,Tommy McMillen,high,False,1.0,Tommy McMillen,True,True,XGBoost (calibrated),/home/wlodzimierrr/ufc-data/models/xgb/20260328T221117Z
68a758a6-bd6a-5ec7-933e-72251614d52f,UFC Fight Night: Du Plessis vs. Usman,2026-07-18,f78ba6f7-05b1-5f19-a20c-721df9a9da88,Austin Bashi,Jose Miguel Delgado,featherweight,2026-08-08 18:05:36.577481+00:00,catchup_scored_before_result_load,,,0.8455,0.8440,1,Austin Bashi,high,False,0.0,Jose Miguel Delgado,True,False,XGBoost (calibrated),/home/wlodzimierrr/ufc-data/models/xgb/20260328T221117Z
6952ee17-a74d-5432-832f-b9c6d22f8e65,UFC Fight Night: Medic vs. Rodriguez,2026-08-01,108f5aca-513a-5fd9-af6f-c7c8f78e0e03,Oban Elliott,Michael Oliveira,welterweight,2026-08-08 18:05:36.577481+00:00,catchup_scored_before_result_load,,,0.6214,0.5886,1,Oban Elliott,toss-up,True,0.0,Michael Oliveira,True,False,XGBoost (calibrated),/home/wlodzimierrr/ufc-data/models/xgb/20260328T221117Z
6952ee17-a74d-5432-832f-b9c6d22f8e65,UFC Fight Night: Medic vs. Rodriguez,2026-08-01,2f17110e-a377-5ca9-b251-976567e85b79,Nina Milosevic,Hailey Cowan,women_bantamweight,2026-08-08 18:05:36.577481+00:00,catchup_scored_before_result_load,,,0.7890,0.7803,1,Nina Milosevic,high,False,1.0,Nina Milosevic,True,True,XGBoost (calibrated),/home/wlodzimierrr/ufc-data/models/xgb/20260328T221117Z
6952ee17-a74d-5432-832f-b9c6d22f8e65,UFC Fight Night: Medic vs. Rodriguez,2026-08-01,37559279-4d40-512a-bfd3-912e36f1b092,Dusko Todorovic,Robert Valentin,middleweight,2026-08-08 18:05:36.577481+00:00,catchup_scored_before_result_load,,,0.8917,0.8946,1,Dusko Todorovic,high,False,0.0,Robert Valentin,True,False,XGBoost (calibrated),/home/wlodzimierrr/ufc-data/models/xgb/20260328T221117Z
6952ee17-a74d-5432-832f-b9c6d22f8e65,UFC Fight Night: Medic vs. Rodriguez,2026-08-01,5077ad8f-9ef1-5fc3-a595-f3a79dcf2915,Ludovit Klein,Tofiq Musayev,lightweight,2026-08-08 18:05:36.577481+00:00,catchup_scored_before_result_load,,,0.7089,0.6887,1,Ludovit Klein,medium,False,0.0,Tofiq Musayev,True,False,XGBoost (calibrated),/home/wlodzimierrr/ufc-data/models/xgb/20260328T221117Z
6952ee17-a74d-5432-832f-b9c6d22f8e65,UFC Fight Night: Medic vs. Rodriguez,2026-08-01,55a021c5-0dae-5181-980e-c718636e6ae6,Uros Medic,Daniel Rodriguez,welterweight,2026-08-08 18:05:36.577481+00:00,catchup_scored_before_result_load,,,0.8740,0.8755,1,Uros Medic,high,False,1.0,Uros Medic,True,True,XGBoost (calibrated),/home/wlodzimierrr/ufc-data/models/xgb/20260328T221117Z
6952ee17-a74d-5432-832f-b9c6d22f8e65,UFC Fight Night: Medic vs. Rodriguez,2026-08-01,7684f614-543d-53ab-b738-d9c77916713a,Mateusz Rebecki,Kyle Prepolec,lightweight,2026-08-08 18:05:36.577481+00:00,catchup_scored_before_result_load,,,0.8023,0.7954,1,Mateusz Rebecki,high,False,1.0,Mateusz Rebecki,True,True,XGBoost (calibrated),/home/wlodzimierrr/ufc-data/models/xgb/20260328T221117Z
6952ee17-a74d-5432-832f-b9c6d22f8e65,UFC Fight Night: Medic vs. Rodriguez,2026-08-01,7ae9189e-11fb-5bb8-93f6-ccf755ce7435,Jovan Leka,Alexander Poppeck,heavyweight,2026-08-08 18:05:36.577481+00:00,catchup_scored_before_result_load,,,0.9146,0.9190,1,Jovan Leka,high,False,1.0,Jovan Leka,True,True,XGBoost (calibrated),/home/wlodzimierrr/ufc-data/models/xgb/20260328T221117Z
6952ee17-a74d-5432-832f-b9c6d22f8e65,UFC Fight Night: Medic vs. Rodriguez,2026-08-01,849af637-a2cc-54b7-a8d0-68bfe47aee33,Aleksandar Rakic,Marcin Tybura,heavyweight,2026-08-08 18:05:36.577481+00:00,catchup_scored_before_result_load,,,0.8994,0.9029,1,Aleksandar Rakic,high,False,1.0,Aleksandar Rakic,True,True,XGBoost (calibrated),/home/wlodzimierrr/ufc-data/models/xgb/20260328T221117Z
6952ee17-a74d-5432-832f-b9c6d22f8e65,UFC Fight Night: Medic vs. Rodriguez,2026-08-01,ad8d2846-75b9-5a2b-a4e4-b4b593e386e4,Dennis Buzukja,Bogdan Grad,featherweight,2026-08-08 18:05:36.577481+00:00,catchup_scored_before_result_load,,,0.5265,0.4820,0,Bogdan Grad,toss-up,True,0.0,Bogdan Grad,True,True,XGBoost (calibrated),/home/wlodzimierrr/ufc-data/models/xgb/20260328T221117Z
6952ee17-a74d-5432-832f-b9c6d22f8e65,UFC Fight Night: Medic vs. Rodriguez,2026-08-01,d2efac10-b2a9-50ac-9944-d6422d4b2048,Vlasto Cepo,Gilbert Urbina,middleweight,2026-08-08 18:05:36.577481+00:00,catchup_scored_before_result_load,,,0.9015,0.9052,1,Vlasto Cepo,high,False,0.0,Gilbert Urbina,True,False,XGBoost (calibrated),/home/wlodzimierrr/ufc-data/models/xgb/20260328T221117Z
6952ee17-a74d-5432-832f-b9c6d22f8e65,UFC Fight Night: Medic vs. Rodriguez,2026-08-01,d7d7481d-4092-5aec-a683-0a55f52291e6,Milos Janicic,Noah Gugnon,lightweight,2026-08-08 18:05:36.577481+00:00,catchup_scored_before_result_load,,,0.8491,0.8480,1,Milos Janicic,high,False,0.0,Noah Gugnon,True,False,XGBoost (calibrated),/home/wlodzimierrr/ufc-data/models/xgb/20260328T221117Z
6952ee17-a74d-5432-832f-b9c6d22f8e65,UFC Fight Night: Medic vs. Rodriguez,2026-08-01,dc3dbfcd-1cd2-5c01-ba42-5826aa1a49a6,Jan Blachowicz,Navajo Stirling,light_heavyweight,2026-08-08 18:05:36.577481+00:00,catchup_scored_before_result_load,,,0.3477,0.2924,0,Navajo Stirling,high,False,0.0,Navajo Stirling,True,True,XGBoost (calibrated),/home/wlodzimierrr/ufc-data/models/xgb/20260328T221117Z
6952ee17-a74d-5432-832f-b9c6d22f8e65,UFC Fight Night: Medic vs. Rodriguez,2026-08-01,e5b0ebf7-a224-53a5-a451-0953ea57f96d,Marina Spasic,Stephanie Luciano,women_strawweight,2026-08-08 18:05:36.577481+00:00,catchup_scored_before_result_load,,,0.7872,0.7783,1,Marina Spasic,high,False,0.0,Stephanie Luciano,True,False,XGBoost (calibrated),/home/wlodzimierrr/ufc-data/models/xgb/20260328T221117Z
6952ee17-a74d-5432-832f-b9c6d22f8e65,UFC Fight Night: Medic vs. Rodriguez,2026-08-01,fece261a-3217-5d28-bdfe-b7aee132dbdc,Borislav Nikolic,Mark Vologdin,bantamweight,2026-08-08 18:05:36.577481+00:00,catchup_scored_before_result_load,,,0.7749,0.7642,1,Borislav Nikolic,high,False,1.0,Borislav Nikolic,True,True,XGBoost (calibrated),/home/wlodzimierrr/ufc-data/models/xgb/20260328T221117Z
c9bf87c9-7f2f-52d0-a66f-37e018dc1473,UFC Fight Night: Gamrot vs. Salkilld,2026-08-08,0b552569-3ac8-559f-8087-5ca5df244b2a,Gigi Canuto,Carol Foro,women_strawweight,2026-08-09 11:44:27.480069+00:00,catchup_scored_before_result_load,,,0.7060,0.6854,1,Gigi Canuto,medium,False,0.0,Carol Foro,True,False,XGBoost (calibrated),/home/wlodzimierrr/ufc-data/models/xgb/20260328T221117Z
c9bf87c9-7f2f-52d0-a66f-37e018dc1473,UFC Fight Night: Gamrot vs. Salkilld,2026-08-08,0c0b7082-496a-5925-a113-d371ce49285f,Mateusz Gamrot,Quillan Salkilld,lightweight,2026-08-09 11:44:27.480069+00:00,catchup_scored_before_result_load,,,0.5577,0.5168,1,Mateusz Gamrot,toss-up,True,0.0,Quillan Salkilld,True,False,XGBoost (calibrated),/home/wlodzimierrr/ufc-data/models/xgb/20260328T221117Z
c9bf87c9-7f2f-52d0-a66f-37e018dc1473,UFC Fight Night: Gamrot vs. Salkilld,2026-08-08,21267cb9-3657-5182-8cc9-ffa2341ebec8,Steven Asplund,Guilherme Pat,heavyweight,2026-08-09 11:44:27.480069+00:00,catchup_scored_before_result_load,,,0.5942,0.5577,1,Steven Asplund,toss-up,True,1.0,Steven Asplund,True,True,XGBoost (calibrated),/home/wlodzimierrr/ufc-data/models/xgb/20260328T221117Z
c9bf87c9-7f2f-52d0-a66f-37e018dc1473,UFC Fight Night: Gamrot vs. Salkilld,2026-08-08,3413538f-fdcf-51dd-a461-8e1ee58ff45d,Diyar Nurgozhay,Bruno Lopes,light_heavyweight,2026-08-09 11:44:27.480069+00:00,catchup_scored_before_result_load,,,0.7664,0.7545,1,Diyar Nurgozhay,high,False,1.0,Diyar Nurgozhay,True,True,XGBoost (calibrated),/home/wlodzimierrr/ufc-data/models/xgb/20260328T221117Z
c9bf87c9-7f2f-52d0-a66f-37e018dc1473,UFC Fight Night: Gamrot vs. Salkilld,2026-08-08,4bc1cafe-ffc4-5389-a22b-ea031e301fc1,Manoel Sousa,Richie Miranda,lightweight,2026-08-09 11:44:27.480069+00:00,catchup_scored_before_result_load,,,0.7009,0.6794,1,Manoel Sousa,medium,False,1.0,Manoel Sousa,True,True,XGBoost (calibrated),/home/wlodzimierrr/ufc-data/models/xgb/20260328T221117Z
c9bf87c9-7f2f-52d0-a66f-37e018dc1473,UFC Fight Night: Gamrot vs. Salkilld,2026-08-08,64dc0d74-791f-5c1f-9d1a-82ddead18448,Juliana Miller,Ravena Oliveira,women_flyweight,2026-08-09 11:44:27.480069+00:00,catchup_scored_before_result_load,,,0.5948,0.5585,1,Juliana Miller,toss-up,True,1.0,Juliana Miller,True,True,XGBoost (calibrated),/home/wlodzimierrr/ufc-data/models/xgb/20260328T221117Z
c9bf87c9-7f2f-52d0-a66f-37e018dc1473,UFC Fight Night: Gamrot vs. Salkilld,2026-08-08,73c44e0d-d391-5524-b079-cb3820742776,Darren Elkins,Yadier del Valle,featherweight,2026-08-09 11:44:27.480069+00:00,catchup_scored_before_result_load,,,0.3849,0.3304,0,Yadier del Valle,medium,False,0.0,Yadier del Valle,True,True,XGBoost (calibrated),/home/wlodzimierrr/ufc-data/models/xgb/20260328T221117Z
c9bf87c9-7f2f-52d0-a66f-37e018dc1473,UFC Fight Night: Gamrot vs. Salkilld,2026-08-08,aeade0c5-1ee1-5614-b299-865c8c714cc9,Miles Johns,Gianni Vazquez,featherweight,2026-08-09 11:44:27.480069+00:00,catchup_scored_before_result_load,,,0.6482,0.6192,1,Miles Johns,medium,False,1.0,Miles Johns,True,True,XGBoost (calibrated),/home/wlodzimierrr/ufc-data/models/xgb/20260328T221117Z
c9bf87c9-7f2f-52d0-a66f-37e018dc1473,UFC Fight Night: Gamrot vs. Salkilld,2026-08-08,cf0b5816-dec3-5a9d-8a6f-b31fd2fd6b54,Louie Sutherland,Jose Montanha,heavyweight,2026-08-09 11:44:27.480069+00:00,catchup_scored_before_result_load,,,0.6255,0.5932,1,Louie Sutherland,toss-up,True,0.0,Jose Montanha,True,False,XGBoost (calibrated),/home/wlodzimierrr/ufc-data/models/xgb/20260328T221117Z
c9bf87c9-7f2f-52d0-a66f-37e018dc1473,UFC Fight Night: Gamrot vs. Salkilld,2026-08-08,d357110b-e2f6-50f8-a22b-11c418796a52,Diego Ferreira,Billy Quarantillo,lightweight,2026-08-09 11:44:27.480069+00:00,catchup_scored_before_result_load,,,0.6218,0.5890,1,Diego Ferreira,toss-up,True,1.0,Diego Ferreira,True,True,XGBoost (calibrated),/home/wlodzimierrr/ufc-data/models/xgb/20260328T221117Z
c9bf87c9-7f2f-52d0-a66f-37e018dc1473,UFC Fight Night: Gamrot vs. Salkilld,2026-08-08,db3eaa0e-f44b-5100-951b-c75dd4bc3b01,Billy Ray Goff,Ty Miller,welterweight,2026-08-09 11:44:27.480069+00:00,catchup_scored_before_result_load,,,0.5928,0.5562,1,Billy Ray Goff,toss-up,True,0.0,Ty Miller,True,False,XGBoost (calibrated),/home/wlodzimierrr/ufc-data/models/xgb/20260328T221117Z
c9bf87c9-7f2f-52d0-a66f-37e018dc1473,UFC Fight Night: Gamrot vs. Salkilld,2026-08-08,ee750b30-fdd1-5a8d-bd05-62cc0f83588d,Amanda Lemos,Alexia Thainara,women_strawweight,2026-08-09 11:44:27.480069+00:00,catchup_scored_before_result_load,,,0.3535,0.2983,0,Alexia Thainara,high,False,0.0,Alexia Thainara,True,True,XGBoost (calibrated),/home/wlodzimierrr/ufc-data/models/xgb/20260328T221117Z
48962122-b1ec-54f5-bbe1-ab316e445778,UFC 330: Makhachev vs. Machado Garry,2026-08-15,1a13461f-cb73-500f-af1a-69821186f4ef,Donte Johnson,Eric McConico,middleweight,2026-08-09 11:17:50.025384+00:00,database_scored_at_before_event,,,0.7764,0.7660,1,Donte Johnson,high,False,,Pending / no W-L result,False,,XGBoost (calibrated),/home/wlodzimierrr/ufc-data/models/xgb/20260328T221117Z
48962122-b1ec-54f5-bbe1-ab316e445778,UFC 330: Makhachev vs. Machado Garry,2026-08-15,5a3642f8-6fc9-529e-84ec-7f1e26f6029c,Chidi Njokuani,Joel Alvarez,welterweight,2026-08-09 11:17:50.025384+00:00,database_scored_at_before_event,,,0.5645,0.5243,1,Chidi Njokuani,toss-up,True,,Pending / no W-L result,False,,XGBoost (calibrated),/home/wlodzimierrr/ufc-data/models/xgb/20260328T221117Z
48962122-b1ec-54f5-bbe1-ab316e445778,UFC 330: Makhachev vs. Machado Garry,2026-08-15,6ce25780-ce0a-5d15-af12-449dd59dcef9,Mackenzie Dern,Gillian Robertson,women_strawweight,2026-08-09 11:17:50.025384+00:00,database_scored_at_before_event,,,0.4981,0.4508,0,Gillian Robertson,toss-up,True,,Pending / no W-L result,False,,XGBoost (calibrated),/home/wlodzimierrr/ufc-data/models/xgb/20260328T221117Z
48962122-b1ec-54f5-bbe1-ab316e445778,UFC 330: Makhachev vs. Machado Garry,2026-08-15,9dea30d6-3bd4-5300-abe3-a2a141e5dd38,Neil Magny,Ramiz Brahimaj,welterweight,2026-08-09 11:17:50.025384+00:00,database_scored_at_before_event,,,0.7779,0.7677,1,Neil Magny,high,False,,Pending / no W-L result,False,,XGBoost (calibrated),/home/wlodzimierrr/ufc-data/models/xgb/20260328T221117Z
48962122-b1ec-54f5-bbe1-ab316e445778,UFC 330: Makhachev vs. Machado Garry,2026-08-15,a3fb6800-9485-5a30-9631-947107de6cc0,Rafael Tobias,Lucas Fernando,light_heavyweight,2026-08-09 11:17:50.025384+00:00,database_scored_at_before_event,,,0.6986,0.6768,1,Rafael Tobias,medium,False,,Pending / no W-L result,False,,XGBoost (calibrated),/home/wlodzimierrr/ufc-data/models/xgb/20260328T221117Z
48962122-b1ec-54f5-bbe1-ab316e445778,UFC 330: Makhachev vs. Machado Garry,2026-08-15,b22727f6-fdd0-50cb-b23b-2b12c4a033eb,Jeremiah Wells,Myktybek Orolbai,welterweight,2026-08-09 11:17:50.025384+00:00,database_scored_at_before_event,,,0.4592,0.4086,0,Myktybek Orolbai,toss-up,True,,Pending / no W-L result,False,,XGBoost (calibrated),/home/wlodzimierrr/ufc-data/models/xgb/20260328T221117Z
48962122-b1ec-54f5-bbe1-ab316e445778,UFC 330: Makhachev vs. Machado Garry,2026-08-15,c092c6df-3e03-5b63-a91c-9015fc1b28c5,Mansur Abdul-Malik,Dustin Stoltzfus,middleweight,2026-08-09 11:17:50.025384+00:00,database_scored_at_before_event,,,0.7409,0.7254,1,Mansur Abdul-Malik,high,False,,Pending / no W-L result,False,,XGBoost (calibrated),/home/wlodzimierrr/ufc-data/models/xgb/20260328T221117Z
48962122-b1ec-54f5-bbe1-ab316e445778,UFC 330: Makhachev vs. Machado Garry,2026-08-15,c5b04dfd-5162-5c48-b57f-feac1b4f3404,Islam Makhachev,Ian Machado Garry,welterweight,2026-08-09 11:17:50.025384+00:00,database_scored_at_before_event,,,0.7800,0.7700,1,Islam Makhachev,high,False,,Pending / no W-L result,False,,XGBoost (calibrated),/home/wlodzimierrr/ufc-data/models/xgb/20260328T221117Z
48962122-b1ec-54f5-bbe1-ab316e445778,UFC 330: Makhachev vs. Machado Garry,2026-08-15,d83d42a9-3a36-594f-961d-5799b915635a,Jalin Turner,Kaue Fernandes,lightweight,2026-08-09 11:17:50.025384+00:00,database_scored_at_before_event,,,0.4252,0.3725,0,Kaue Fernandes,medium,False,,Pending / no W-L result,False,,XGBoost (calibrated),/home/wlodzimierrr/ufc-data/models/xgb/20260328T221117Z
48962122-b1ec-54f5-bbe1-ab316e445778,UFC 330: Makhachev vs. Machado Garry,2026-08-15,d9a8f553-e490-5101-bfab-44a3ef3ef5b9,Edson Barboza,Esteban Ribovics,lightweight,2026-08-09 11:17:50.025384+00:00,database_scored_at_before_event,,,0.3736,0.3187,0,Esteban Ribovics,medium,False,,Pending / no W-L result,False,,XGBoost (calibrated),/home/wlodzimierrr/ufc-data/models/xgb/20260328T221117Z
48962122-b1ec-54f5-bbe1-ab316e445778,UFC 330: Makhachev vs. Machado Garry,2026-08-15,ea4f813c-70c3-5b24-a8d6-5da7d5d85b51,Vicente Luque,Tresean Gore,middleweight,2026-08-09 11:17:50.025384+00:00,database_scored_at_before_event,,,0.6392,0.6089,1,Vicente Luque,medium,False,,Pending / no W-L result,False,,XGBoost (calibrated),/home/wlodzimierrr/ufc-data/models/xgb/20260328T221117Z
c7f3aa1f-f4d4-5ec3-ad1c-d885a1a03f40,UFC Fight Night: Hernandez vs. Rodrigues,2026-08-22,1ce74697-5531-568f-b769-051f65fb459f,Carli Judice,Jeisla Chaves,women_strawweight,2026-08-09 11:17:50.025384+00:00,database_scored_at_before_event,,,0.5496,0.5077,1,Carli Judice,toss-up,True,,Pending / no W-L result,False,,XGBoost (calibrated),/home/wlodzimierrr/ufc-data/models/xgb/20260328T221117Z
c7f3aa1f-f4d4-5ec3-ad1c-d885a1a03f40,UFC Fight Night: Hernandez vs. Rodrigues,2026-08-22,32d7a6c3-bb16-573d-acdd-562fb93af46b,Kennedy Nzechukwu,Shamil Gaziev,heavyweight,2026-08-09 11:17:50.025384+00:00,database_scored_at_before_event,,,0.6582,0.6306,1,Kennedy Nzechukwu,medium,False,,Pending / no W-L result,False,,XGBoost (calibrated),/home/wlodzimierrr/ufc-data/models/xgb/20260328T221117Z
c7f3aa1f-f4d4-5ec3-ad1c-d885a1a03f40,UFC Fight Night: Hernandez vs. Rodrigues,2026-08-22,4eb3dbd1-98d8-59e9-8e28-52dbb98cbd34,Kody Steele,Gauge Young,lightweight,2026-08-09 11:17:50.025384+00:00,database_scored_at_before_event,,,0.4426,0.3909,0,Gauge Young,medium,False,,Pending / no W-L result,False,,XGBoost (calibrated),/home/wlodzimierrr/ufc-data/models/xgb/20260328T221117Z
c7f3aa1f-f4d4-5ec3-ad1c-d885a1a03f40,UFC Fight Night: Hernandez vs. Rodrigues,2026-08-22,58dbd5ff-f2df-5814-854c-a8c4fb45486f,Roman Dolidze,Reinier de Ridder,light_heavyweight,2026-08-09 11:17:50.025384+00:00,database_scored_at_before_event,,,0.4391,0.3871,0,Reinier de Ridder,medium,False,,Pending / no W-L result,False,,XGBoost (calibrated),/home/wlodzimierrr/ufc-data/models/xgb/20260328T221117Z
c7f3aa1f-f4d4-5ec3-ad1c-d885a1a03f40,UFC Fight Night: Hernandez vs. Rodrigues,2026-08-22,a8ba8843-7caa-56c1-8991-937bbfa4ac76,Wes Schultz,Jackson McVey,middleweight,2026-08-09 11:17:50.025384+00:00,database_scored_at_before_event,,,0.5890,0.5519,1,Wes Schultz,toss-up,True,,Pending / no W-L result,False,,XGBoost (calibrated),/home/wlodzimierrr/ufc-data/models/xgb/20260328T221117Z
c7f3aa1f-f4d4-5ec3-ad1c-d885a1a03f40,UFC Fight Night: Hernandez vs. Rodrigues,2026-08-22,e00625f4-ad7b-50e8-baac-7af1bc43157b,Serghei Spivac,Vitor Petrino,heavyweight,2026-08-09 11:17:50.025384+00:00,database_scored_at_before_event,,,0.4377,0.3857,0,Vitor Petrino,medium,False,,Pending / no W-L result,False,,XGBoost (calibrated),/home/wlodzimierrr/ufc-data/models/xgb/20260328T221117Z
c7f3aa1f-f4d4-5ec3-ad1c-d885a1a03f40,UFC Fight Night: Hernandez vs. Rodrigues,2026-08-22,f467a342-40c3-5abd-902c-cdda666a883c,Anthony Hernandez,Gregory Rodrigues,middleweight,2026-08-09 11:17:50.025384+00:00,database_scored_at_before_event,,,0.6738,0.6484,1,Anthony Hernandez,medium,False,,Pending / no W-L result,False,,XGBoost (calibrated),/home/wlodzimierrr/ufc-data/models/xgb/20260328T221117Z
c7f3aa1f-f4d4-5ec3-ad1c-d885a1a03f40,UFC Fight Night: Hernandez vs. Rodrigues,2026-08-22,fa2eb031-73c9-5807-9b6e-51c8f55cfba6,Shanelle Dyer,Elise Reed,women_strawweight,2026-08-09 11:17:50.025384+00:00,database_scored_at_before_event,,,0.8036,0.7968,1,Shanelle Dyer,high,False,,Pending / no W-L result,False,,XGBoost (calibrated),/home/wlodzimierrr/ufc-data/models/xgb/20260328T221117Z
8a903865-2e28-542d-850c-eca381684233,UFC Fight Night: Nurmagomedov vs. Song,2026-08-29,23dc4a15-6b3f-52fc-a983-c60c3ad4e015,Alex Perez,Sumudaerji,flyweight,2026-08-09 11:17:50.025384+00:00,database_scored_at_before_event,,,0.5321,0.4883,0,Sumudaerji,toss-up,True,,Pending / no W-L result,False,,XGBoost (calibrated),/home/wlodzimierrr/ufc-data/models/xgb/20260328T221117Z
8a903865-2e28-542d-850c-eca381684233,UFC Fight Night: Nurmagomedov vs. Song,2026-08-29,3b750691-9265-51ba-ae4c-5074125d779c,Yan Xiaonan,Denise Gomes,women_strawweight,2026-08-09 11:17:50.025384+00:00,database_scored_at_before_event,,,0.4471,0.3957,0,Denise Gomes,medium,False,,Pending / no W-L result,False,,XGBoost (calibrated),/home/wlodzimierrr/ufc-data/models/xgb/20260328T221117Z
8a903865-2e28-542d-850c-eca381684233,UFC Fight Night: Nurmagomedov vs. Song,2026-08-29,56dc21a6-f4d7-54a8-8edb-3d9746ad9dc0,Namsrai Batbayar,Andre Lima,flyweight,2026-08-09 11:17:50.025384+00:00,database_scored_at_before_event,,,0.6672,0.6408,1,Namsrai Batbayar,medium,False,,Pending / no W-L result,False,,XGBoost (calibrated),/home/wlodzimierrr/ufc-data/models/xgb/20260328T221117Z
8a903865-2e28-542d-850c-eca381684233,UFC Fight Night: Nurmagomedov vs. Song,2026-08-29,580b60b2-b42b-54d6-9b13-b29fde95a56d,Xiong Jingnan,Julia Polastri,women_strawweight,2026-08-09 11:17:50.025384+00:00,database_scored_at_before_event,,,0.3988,0.3447,0,Julia Polastri,medium,False,,Pending / no W-L result,False,,XGBoost (calibrated),/home/wlodzimierrr/ufc-data/models/xgb/20260328T221117Z
8a903865-2e28-542d-850c-eca381684233,UFC Fight Night: Nurmagomedov vs. Song,2026-08-29,836f9df5-93b7-591f-a917-74dd2256482b,Liu Ce,Junior Tafa,light_heavyweight,2026-08-09 11:17:50.025384+00:00,database_scored_at_before_event,,,0.8869,0.8895,1,Liu Ce,high,False,,Pending / no W-L result,False,,XGBoost (calibrated),/home/wlodzimierrr/ufc-data/models/xgb/20260328T221117Z
8a903865-2e28-542d-850c-eca381684233,UFC Fight Night: Nurmagomedov vs. Song,2026-08-29,b9e41cda-6c23-528f-8052-e85239b09dc5,Jack Jenkins,Sean Woodson,featherweight,2026-08-09 11:17:50.025384+00:00,database_scored_at_before_event,,,0.6304,0.5988,1,Jack Jenkins,toss-up,True,,Pending / no W-L result,False,,XGBoost (calibrated),/home/wlodzimierrr/ufc-data/models/xgb/20260328T221117Z
8a903865-2e28-542d-850c-eca381684233,UFC Fight Night: Nurmagomedov vs. Song,2026-08-29,d5329668-203c-554a-969f-d914a9460337,Rei Tsuruya,Kevin Borjas,flyweight,2026-08-09 11:17:50.025384+00:00,database_scored_at_before_event,,,0.6933,0.6707,1,Rei Tsuruya,medium,False,,Pending / no W-L result,False,,XGBoost (calibrated),/home/wlodzimierrr/ufc-data/models/xgb/20260328T221117Z
8a903865-2e28-542d-850c-eca381684233,UFC Fight Night: Nurmagomedov vs. Song,2026-08-29,d859ce13-3d7c-5943-8f00-cd8274607449,Umar Nurmagomedov,Song Yadong,bantamweight,2026-08-09 11:17:50.025384+00:00,database_scored_at_before_event,,,0.6658,0.6393,1,Umar Nurmagomedov,medium,False,,Pending / no W-L result,False,,XGBoost (calibrated),/home/wlodzimierrr/ufc-data/models/xgb/20260328T221117Z
8a903865-2e28-542d-850c-eca381684233,UFC Fight Night: Nurmagomedov vs. Song,2026-08-29,f94a0b82-8bef-52d1-9c4c-1992e26143c9,Aoriqileng,Kai Asakura,bantamweight,2026-08-09 11:17:50.025384+00:00,database_scored_at_before_event,,,0.4472,0.3958,0,Kai Asakura,medium,False,,Pending / no W-L result,False,,XGBoost (calibrated),/home/wlodzimierrr/ufc-data/models/xgb/20260328T221117Z
221c654a-402a-5f1e-b73f-040f81e2d623,UFC Fight Night: Hooker vs. Parnasse,2026-09-05,173f9691-7ba9-51c8-b0ab-e8ddbbc2ed17,Morgan Charriere,Felipe Lima,featherweight,2026-08-09 11:17:50.025384+00:00,database_scored_at_before_event,,,0.4571,0.4063,0,Felipe Lima,toss-up,True,,Pending / no W-L result,False,,XGBoost (calibrated),/home/wlodzimierrr/ufc-data/models/xgb/20260328T221117Z
221c654a-402a-5f1e-b73f-040f81e2d623,UFC Fight Night: Hooker vs. Parnasse,2026-09-05,313cb79e-d6de-5f81-b87e-8223c17afe7d,Kurtis Campbell,Trevor Peek,featherweight,2026-08-09 11:17:50.025384+00:00,database_scored_at_before_event,,,0.7438,0.7287,1,Kurtis Campbell,high,False,,Pending / no W-L result,False,,XGBoost (calibrated),/home/wlodzimierrr/ufc-data/models/xgb/20260328T221117Z
221c654a-402a-5f1e-b73f-040f81e2d623,UFC Fight Night: Hooker vs. Parnasse,2026-09-05,61d17aa4-61e0-5774-a46f-ca17a12b1680,Dan Hooker,Salahdine Parnasse,lightweight,2026-08-09 11:17:50.025384+00:00,database_scored_at_before_event,,,0.8997,0.9032,1,Dan Hooker,high,False,,Pending / no W-L result,False,,XGBoost (calibrated),/home/wlodzimierrr/ufc-data/models/xgb/20260328T221117Z
221c654a-402a-5f1e-b73f-040f81e2d623,UFC Fight Night: Hooker vs. Parnasse,2026-09-05,70355fcf-fc1c-525b-958c-67a01cd54b87,Matthieu Duclos,Luis Felipe Dias,middleweight,2026-08-09 11:17:50.025384+00:00,database_scored_at_before_event,,,0.7246,0.7067,1,Matthieu Duclos,high,False,,Pending / no W-L result,False,,XGBoost (calibrated),/home/wlodzimierrr/ufc-data/models/xgb/20260328T221117Z
221c654a-402a-5f1e-b73f-040f81e2d623,UFC Fight Night: Hooker vs. Parnasse,2026-09-05,8b83157a-7266-5358-a485-5f1b2eb83f90,Michael Page,Nursulton Ruziboev,middleweight,2026-08-09 11:17:50.025384+00:00,database_scored_at_before_event,,,0.6651,0.6385,1,Michael Page,medium,False,,Pending / no W-L result,False,,XGBoost (calibrated),/home/wlodzimierrr/ufc-data/models/xgb/20260328T221117Z
221c654a-402a-5f1e-b73f-040f81e2d623,UFC Fight Night: Hooker vs. Parnasse,2026-09-05,b0e51f1b-1047-5332-80cf-d7bca1614a57,Nathaniel Wood,Mairon Santos,featherweight,2026-08-09 11:17:50.025384+00:00,database_scored_at_before_event,,,0.4369,0.3848,0,Mairon Santos,medium,False,,Pending / no W-L result,False,,XGBoost (calibrated),/home/wlodzimierrr/ufc-data/models/xgb/20260328T221117Z
221c654a-402a-5f1e-b73f-040f81e2d623,UFC Fight Night: Hooker vs. Parnasse,2026-09-05,fe58b793-497d-5a50-b75d-9299ced8bc86,Mario Pinto,Ryan Spann,heavyweight,2026-08-09 11:17:50.025384+00:00,database_scored_at_before_event,,,0.7919,0.7837,1,Mario Pinto,high,False,,Pending / no W-L result,False,,XGBoost (calibrated),/home/wlodzimierrr/ufc-data/models/xgb/20260328T221117Z
01509142-4b12-58ee-a34c-8e5284ace0bf,Noche UFC: Rodriguez vs. Silva,2026-09-12,0304128f-1ed2-59dd-8d48-2249aca821f2,David Martinez,Dan Ige,bantamweight,2026-08-09 11:17:50.025384+00:00,database_scored_at_before_event,,,0.7875,0.7786,1,David Martinez,high,False,,Pending / no W-L result,False,,XGBoost (calibrated),/home/wlodzimierrr/ufc-data/models/xgb/20260328T221117Z
01509142-4b12-58ee-a34c-8e5284ace0bf,Noche UFC: Rodriguez vs. Silva,2026-09-12,0ed0563e-a80c-5aa5-a2c4-8c0e818a7273,Yair Rodriguez,Jean Silva,featherweight,2026-08-09 11:17:50.025384+00:00,database_scored_at_before_event,,,0.5437,0.5012,1,Yair Rodriguez,toss-up,True,,Pending / no W-L result,False,,XGBoost (calibrated),/home/wlodzimierrr/ufc-data/models/xgb/20260328T221117Z
01509142-4b12-58ee-a34c-8e5284ace0bf,Noche UFC: Rodriguez vs. Silva,2026-09-12,395511ce-200b-53d1-bd8b-956e6b71e14e,Tim Elliott,Edgar Chairez,flyweight,2026-08-09 11:17:50.025384+00:00,database_scored_at_before_event,,,0.5467,0.5044,1,Tim Elliott,toss-up,True,,Pending / no W-L result,False,,XGBoost (calibrated),/home/wlodzimierrr/ufc-data/models/xgb/20260328T221117Z
01509142-4b12-58ee-a34c-8e5284ace0bf,Noche UFC: Rodriguez vs. Silva,2026-09-12,3c34cdee-2aa5-5cef-b467-3f5ed89b0b0f,Kelvin Gastelum,Yousri Belgaroui,middleweight,2026-08-09 11:17:50.025384+00:00,database_scored_at_before_event,,,0.3928,0.3385,0,Yousri Belgaroui,medium,False,,Pending / no W-L result,False,,XGBoost (calibrated),/home/wlodzimierrr/ufc-data/models/xgb/20260328T221117Z
01509142-4b12-58ee-a34c-8e5284ace0bf,Noche UFC: Rodriguez vs. Silva,2026-09-12,439f3889-a36d-5815-b5bc-d041fb63b5ea,Brandon Moreno,Joseph Morales,flyweight,2026-08-09 11:17:50.025384+00:00,database_scored_at_before_event,,,0.5151,0.4694,0,Joseph Morales,toss-up,True,,Pending / no W-L result,False,,XGBoost (calibrated),/home/wlodzimierrr/ufc-data/models/xgb/20260328T221117Z
01509142-4b12-58ee-a34c-8e5284ace0bf,Noche UFC: Rodriguez vs. Silva,2026-09-12,54146b1b-1331-5fec-a156-383198ff9cb0,JJ Aldrich,Regina Tarin,women_flyweight,2026-08-09 11:17:50.025384+00:00,database_scored_at_before_event,,,0.4592,0.4086,0,Regina Tarin,toss-up,True,,Pending / no W-L result,False,,XGBoost (calibrated),/home/wlodzimierrr/ufc-data/models/xgb/20260328T221117Z
01509142-4b12-58ee-a34c-8e5284ace0bf,Noche UFC: Rodriguez vs. Silva,2026-09-12,a1fd5039-7530-5081-985d-66c689aa4311,Ignacio Bahamondes,Muslim Salikhov,welterweight,2026-08-09 11:17:50.025384+00:00,database_scored_at_before_event,,,0.7010,0.6796,1,Ignacio Bahamondes,medium,False,,Pending / no W-L result,False,,XGBoost (calibrated),/home/wlodzimierrr/ufc-data/models/xgb/20260328T221117Z
01509142-4b12-58ee-a34c-8e5284ace0bf,Noche UFC: Rodriguez vs. Silva,2026-09-12,bc12d452-d2e8-5cd3-81b9-cb0ca740422e,Waldo Cortes Acosta,Curtis Blaydes,heavyweight,2026-08-09 11:17:50.025384+00:00,database_scored_at_before_event,,,0.6271,0.5951,1,Waldo Cortes Acosta,toss-up,True,,Pending / no W-L result,False,,XGBoost (calibrated),/home/wlodzimierrr/ufc-data/models/xgb/20260328T221117Z
01509142-4b12-58ee-a34c-8e5284ace0bf,Noche UFC: Rodriguez vs. Silva,2026-09-12,d45f02fa-7f42-573d-9da8-0e0af095f5ce,Manon Fiorot,Alexa Grasso,women_flyweight,2026-08-09 11:17:50.025384+00:00,database_scored_at_before_event,,,0.6185,0.5853,1,Manon Fiorot,toss-up,True,,Pending / no W-L result,False,,XGBoost (calibrated),/home/wlodzimierrr/ufc-data/models/xgb/20260328T221117Z
524bea5d-d210-5cca-9809-713e8df7c593,UFC 331: Van vs. Pantoja 2,2026-09-19,23d22d57-1621-5383-b677-b34a3fcccada,Casey O'Neill,Eduarda Moura,women_flyweight,2026-08-09 11:17:50.025384+00:00,database_scored_at_before_event,,,0.5527,0.5112,1,Casey O'Neill,toss-up,True,,Pending / no W-L result,False,,XGBoost (calibrated),/home/wlodzimierrr/ufc-data/models/xgb/20260328T221117Z
524bea5d-d210-5cca-9809-713e8df7c593,UFC 331: Van vs. Pantoja 2,2026-09-19,2ac9d36f-4e24-5907-b56e-5c75a60928ab,Giga Chikadze,Joanderson Brito,featherweight,2026-08-09 11:17:50.025384+00:00,database_scored_at_before_event,,,0.5433,0.5007,1,Giga Chikadze,toss-up,True,,Pending / no W-L result,False,,XGBoost (calibrated),/home/wlodzimierrr/ufc-data/models/xgb/20260328T221117Z
524bea5d-d210-5cca-9809-713e8df7c593,UFC 331: Van vs. Pantoja 2,2026-09-19,534791de-cebe-53cc-8da8-00afdde28596,Joshua Van,Alexandre Pantoja,flyweight,2026-08-09 11:17:50.025384+00:00,database_scored_at_before_event,,,0.7293,0.7121,1,Joshua Van,high,False,,Pending / no W-L result,False,,XGBoost (calibrated),/home/wlodzimierrr/ufc-data/models/xgb/20260328T221117Z
524bea5d-d210-5cca-9809-713e8df7c593,UFC 331: Van vs. Pantoja 2,2026-09-19,68fb21a4-2a40-5b71-bae4-ac1bf29fbbcc,Patricio Pitbull,Dooho Choi,featherweight,2026-08-09 11:17:50.025384+00:00,database_scored_at_before_event,,,0.5022,0.4553,0,Dooho Choi,toss-up,True,,Pending / no W-L result,False,,XGBoost (calibrated),/home/wlodzimierrr/ufc-data/models/xgb/20260328T221117Z
524bea5d-d210-5cca-9809-713e8df7c593,UFC 331: Van vs. Pantoja 2,2026-09-19,7cff70f1-a3fe-5a92-8e39-cb1846da2372,Arman Tsarukyan,Mauricio Ruffy,lightweight,2026-08-09 11:17:50.025384+00:00,database_scored_at_before_event,,,0.7335,0.7169,1,Arman Tsarukyan,high,False,,Pending / no W-L result,False,,XGBoost (calibrated),/home/wlodzimierrr/ufc-data/models/xgb/20260328T221117Z
524bea5d-d210-5cca-9809-713e8df7c593,UFC 331: Van vs. Pantoja 2,2026-09-19,8a15a395-5273-58d7-9a38-27df4099a556,Renato Moicano,Brian Ortega,lightweight,2026-08-09 11:17:50.025384+00:00,database_scored_at_before_event,,,0.6975,0.6756,1,Renato Moicano,medium,False,,Pending / no W-L result,False,,XGBoost (calibrated),/home/wlodzimierrr/ufc-data/models/xgb/20260328T221117Z
524bea5d-d210-5cca-9809-713e8df7c593,UFC 331: Van vs. Pantoja 2,2026-09-19,8c8c90ff-c510-5c57-b758-8b756bd683dd,Marlon Vera,Charles Jourdain,bantamweight,2026-08-09 11:17:50.025384+00:00,database_scored_at_before_event,,,0.4348,0.3826,0,Charles Jourdain,medium,False,,Pending / no W-L result,False,,XGBoost (calibrated),/home/wlodzimierrr/ufc-data/models/xgb/20260328T221117Z
524bea5d-d210-5cca-9809-713e8df7c593,UFC 331: Van vs. Pantoja 2,2026-09-19,990c8a2f-f577-54cf-a5e0-e58d4d517357,Michael Aswell Jr.,JooSang Yoo,featherweight,2026-08-09 11:17:50.025384+00:00,database_scored_at_before_event,,,0.6694,0.6434,1,Michael Aswell Jr.,medium,False,,Pending / no W-L result,False,,XGBoost (calibrated),/home/wlodzimierrr/ufc-data/models/xgb/20260328T221117Z
524bea5d-d210-5cca-9809-713e8df7c593,UFC 331: Van vs. Pantoja 2,2026-09-19,bdcfbc15-41b5-5b6a-bafb-628d713baefe,Tai Tuivasa,Robelis Despaigne,heavyweight,2026-08-09 11:17:50.025384+00:00,database_scored_at_before_event,,,0.5803,0.5421,1,Tai Tuivasa,toss-up,True,,Pending / no W-L result,False,,XGBoost (calibrated),/home/wlodzimierrr/ufc-data/models/xgb/20260328T221117Z
524bea5d-d210-5cca-9809-713e8df7c593,UFC 331: Van vs. Pantoja 2,2026-09-19,c9d171a6-7016-52cb-9b91-8d9a571f407e,Alonzo Menifield,Iwo Baraniewski,light_heavyweight,2026-08-09 11:17:50.025384+00:00,database_scored_at_before_event,,,0.4543,0.4034,0,Iwo Baraniewski,toss-up,True,,Pending / no W-L result,False,,XGBoost (calibrated),/home/wlodzimierrr/ufc-data/models/xgb/20260328T221117Z
524bea5d-d210-5cca-9809-713e8df7c593,UFC 331: Van vs. Pantoja 2,2026-09-19,cb068038-173a-5bfe-9b36-6cf6f2e56cda,Gable Steveson,Sean Sharaf,heavyweight,2026-08-09 11:17:50.025384+00:00,database_scored_at_before_event,,,0.7326,0.7159,1,Gable Steveson,high,False,,Pending / no W-L result,False,,XGBoost (calibrated),/home/wlodzimierrr/ufc-data/models/xgb/20260328T221117Z
524bea5d-d210-5cca-9809-713e8df7c593,UFC 331: Van vs. Pantoja 2,2026-09-19,df9e4021-0d72-56ad-9519-6ee54d9bfd67,Ryan Gandra,Ozzy Diaz,middleweight,2026-08-09 11:17:50.025384+00:00,database_scored_at_before_event,,,0.7880,0.7792,1,Ryan Gandra,high,False,,Pending / no W-L result,False,,XGBoost (calibrated),/home/wlodzimierrr/ufc-data/models/xgb/20260328T221117Z
524bea5d-d210-5cca-9809-713e8df7c593,UFC 331: Van vs. Pantoja 2,2026-09-19,eeab38f6-78d1-5d04-b171-3d365412cc36,Edmen Shahbazyan,Brunno Ferreira,middleweight,2026-08-09 11:17:50.025384+00:00,database_scored_at_before_event,,,0.7387,0.7228,1,Edmen Shahbazyan,high,False,,Pending / no W-L result,False,,XGBoost (calibrated),/home/wlodzimierrr/ufc-data/models/xgb/20260328T221117Z
712adbed-0219-50de-a4a5-0d73a2883ad5,UFC Fight Night: Buckley vs. Malott,2026-10-17,9a7c6c84-1f6b-5ff2-aea1-abd5d3766771,Joaquin Buckley,Mike Malott,welterweight,2026-08-09 11:17:50.025384+00:00,database_scored_at_before_event,,,0.6395,0.6092,1,Joaquin Buckley,medium,False,,Pending / no W-L result,False,,XGBoost (calibrated),/home/wlodzimierrr/ufc-data/models/xgb/20260328T221117Z
712adbed-0219-50de-a4a5-0d73a2883ad5,UFC Fight Night: Buckley vs. Malott,2026-10-17,c888bed7-46b6-5e8a-b967-c3a76f2abbd9,Mandel Nallo,Nate Landwehr,lightweight,2026-08-09 11:17:50.025384+00:00,database_scored_at_before_event,,,0.5387,0.4956,0,Nate Landwehr,toss-up,True,,Pending / no W-L result,False,,XGBoost (calibrated),/home/wlodzimierrr/ufc-data/models/xgb/20260328T221117Z
