fight_id,event_id,fight_url,finish_method,fetch_status,agg_stats,round_stats,gap_reason
1530bad5-cf1b-58d0-9363-ab40636efb41,0e82897d-6b87-5363-9a0b-415b6101275c,http://ufcstats.com/fight-details/a5c90086fb65f58e,KO/TKO,failed,no,no,fetch_failed
27047779-94d9-5404-b9cd-98f8f8616d3a,0e82897d-6b87-5363-9a0b-415b6101275c,http://ufcstats.com/fight-details/d93c8c77e1091a16,Submission,failed,no,no,fetch_failed
3c2e38a2-598c-5ae1-b8fb-63bf838363fd,0e82897d-6b87-5363-9a0b-415b6101275c,http://ufcstats.com/fight-details/2f449bd58b3d9a99,KO/TKO,failed,no,no,fetch_failed
4efe1339-8a0b-598c-91f0-44e9b29fca95,1a004590-2eb7-5157-a6f6-760941a6e842,http://ufcstats.com/fight-details/f59b1215176636f6,Decision - Unanimous,failed,no,no,fetch_failed
347d3776-7af9-5de4-ac62-d97754f18b09,201e5010-4419-5a35-a96a-b24ae2c1c90c,http://ufcstats.com/fight-details/3b4803afa824fea3,Decision - Split,captured,no,yes,missing_stats
3e219fd8-794b-5b8f-a745-1cdf93501409,201e5010-4419-5a35-a96a-b24ae2c1c90c,http://ufcstats.com/fight-details/8b809ba1880aded0,Decision - Unanimous,captured,no,yes,missing_stats
4453116f-2761-59e9-b1d4-2dd0ba25fe02,201e5010-4419-5a35-a96a-b24ae2c1c90c,http://ufcstats.com/fight-details/17d31249c9ab18af,Decision - Unanimous,captured,no,yes,missing_stats
556a76b1-6501-5325-848e-c68c380681bd,201e5010-4419-5a35-a96a-b24ae2c1c90c,http://ufcstats.com/fight-details/b23a1a5d35eb438a,Decision - Unanimous,captured,no,yes,missing_stats
695f6b89-333b-55f4-a958-48767916091e,201e5010-4419-5a35-a96a-b24ae2c1c90c,http://ufcstats.com/fight-details/afc021700481ac4e,KO/TKO,captured,no,yes,missing_stats
6ea6146f-0e02-582c-a3fd-3a77526ad651,201e5010-4419-5a35-a96a-b24ae2c1c90c,http://ufcstats.com/fight-details/aaec28fa3c0c576d,Submission,captured,no,yes,missing_stats
7cbe57ee-f8f9-543e-92ae-72b2d124f549,201e5010-4419-5a35-a96a-b24ae2c1c90c,http://ufcstats.com/fight-details/6658fe4531c86674,KO/TKO,captured,no,yes,missing_stats
923b63e7-95e0-53cb-943a-698bcd26c253,201e5010-4419-5a35-a96a-b24ae2c1c90c,http://ufcstats.com/fight-details/e4849375d1949c74,Submission,captured,no,yes,missing_stats
963c14e1-ea90-595f-81f7-11e37e5012c7,201e5010-4419-5a35-a96a-b24ae2c1c90c,http://ufcstats.com/fight-details/c0980a613f24accd,Submission,captured,no,yes,missing_stats
9928cf3a-35a5-568a-b57d-2b117def80cb,201e5010-4419-5a35-a96a-b24ae2c1c90c,http://ufcstats.com/fight-details/571a3eabff5c7ba7,KO/TKO,captured,no,yes,missing_stats
cf1a7af2-9c96-58d4-9906-3cf6b60b6f36,201e5010-4419-5a35-a96a-b24ae2c1c90c,http://ufcstats.com/fight-details/33afdd7ad43a2756,KO/TKO,captured,no,yes,missing_stats
e04f3701-2142-58c2-b24f-defebf27c76f,201e5010-4419-5a35-a96a-b24ae2c1c90c,http://ufcstats.com/fight-details/9efa4de316b8bf43,Decision - Unanimous,captured,no,yes,missing_stats
18811344-e080-54b1-b048-75a9dc30270f,25be6b85-905a-5d37-9def-590a06062f74,http://ufcstats.com/fight-details/c572daedf2012a49,Decision - Unanimous,captured,no,yes,missing_stats
224b4e77-d532-5698-bfb9-28bcc317e207,25be6b85-905a-5d37-9def-590a06062f74,http://ufcstats.com/fight-details/989760fa75321d69,KO/TKO,captured,no,yes,missing_stats
32e6fca7-c9fe-55d8-ad76-9f279ceebb10,25be6b85-905a-5d37-9def-590a06062f74,http://ufcstats.com/fight-details/a3ab1979192b647c,Submission,captured,no,yes,missing_stats
442b9d86-0667-5b20-8252-11142ef3f7ad,25be6b85-905a-5d37-9def-590a06062f74,http://ufcstats.com/fight-details/e84c3f1f9a33fa90,Decision - Unanimous,captured,no,yes,missing_stats
5932c3e6-b325-5aee-907a-da13719ec80f,25be6b85-905a-5d37-9def-590a06062f74,http://ufcstats.com/fight-details/e9f389ba3a1e33c4,KO/TKO,captured,no,yes,missing_stats
5edb9b16-dc50-5cbd-8de0-acf34642892c,25be6b85-905a-5d37-9def-590a06062f74,http://ufcstats.com/fight-details/930317fde9dbc55e,KO/TKO,captured,no,yes,missing_stats
6ccd1d31-8d51-5f94-a9e9-253c8b97e8fc,25be6b85-905a-5d37-9def-590a06062f74,http://ufcstats.com/fight-details/7765e5e779dd7dc9,KO/TKO,captured,no,yes,missing_stats
7071379e-dc1c-5ae7-a5aa-87a4c1e8d94a,25be6b85-905a-5d37-9def-590a06062f74,http://ufcstats.com/fight-details/b223b10ef19f912c,KO/TKO,captured,no,yes,missing_stats
949f5ffc-911a-5802-8474-79be9265aa60,25be6b85-905a-5d37-9def-590a06062f74,http://ufcstats.com/fight-details/118c25bda9392140,KO/TKO,captured,no,yes,missing_stats
9a2b3390-57bf-50e5-b906-39d8e3fddb07,25be6b85-905a-5d37-9def-590a06062f74,http://ufcstats.com/fight-details/1162a74e3604c488,KO/TKO,captured,no,yes,missing_stats
a870b1bb-7da1-5673-90ae-c1ae6973745e,25be6b85-905a-5d37-9def-590a06062f74,http://ufcstats.com/fight-details/130b325610c54a64,Submission,captured,no,yes,missing_stats
ba54fb45-8d1d-5675-b9d3-d2a87066b188,25be6b85-905a-5d37-9def-590a06062f74,http://ufcstats.com/fight-details/a26ea74f2e908842,KO/TKO,captured,no,yes,missing_stats
d90581c9-6f11-58b0-9ca0-52f48173484f,25be6b85-905a-5d37-9def-590a06062f74,http://ufcstats.com/fight-details/1b6a3b0d27654d3e,Submission,captured,no,yes,missing_stats
de962113-f0f4-5fe8-8dac-022c253ce3e3,25be6b85-905a-5d37-9def-590a06062f74,http://ufcstats.com/fight-details/9e00ee7644774e18,Decision - Unanimous,captured,no,yes,missing_stats
4530828e-194b-5998-937c-99973d047309,3ea8968a-169f-5183-b28d-4fcfeed9959a,http://ufcstats.com/fight-details/b007aa53eadea847,,captured,no,no,missing_stats
77bb9a3d-afe4-5df5-98ab-e7d6f480833b,3ea8968a-169f-5183-b28d-4fcfeed9959a,http://ufcstats.com/fight-details/a3d176f12b1f0b86,,captured,no,no,missing_stats
cca87786-535d-5b05-b00a-76e990ed95cc,3ea8968a-169f-5183-b28d-4fcfeed9959a,http://ufcstats.com/fight-details/b6829142f42a75dc,,captured,no,no,missing_stats
e45165aa-fe35-5bd6-a03a-906b5757d5c6,3fe99c83-f413-56b9-a413-13e789a197f5,http://ufcstats.com/fight-details/884e7df659df53f0,,captured,no,no,missing_stats
1a13461f-cb73-500f-af1a-69821186f4ef,48962122-b1ec-54f5-bbe1-ab316e445778,http://ufcstats.com/fight-details/9c5da658c76da7c0,KO/TKO,captured,no,yes,missing_stats
5a3642f8-6fc9-529e-84ec-7f1e26f6029c,48962122-b1ec-54f5-bbe1-ab316e445778,http://ufcstats.com/fight-details/6e495deac1f57169,Decision - Unanimous,captured,no,yes,missing_stats
6ce25780-ce0a-5d15-af12-449dd59dcef9,48962122-b1ec-54f5-bbe1-ab316e445778,http://ufcstats.com/fight-details/4700d42c9869674a,Decision - Unanimous,captured,no,yes,missing_stats
9db6e199-baa4-5632-a10c-4e1c20608d8c,48962122-b1ec-54f5-bbe1-ab316e445778,http://ufcstats.com/fight-details/e7c11d1b22d50ba0,Submission,captured,no,yes,missing_stats
9dea30d6-3bd4-5300-abe3-a2a141e5dd38,48962122-b1ec-54f5-bbe1-ab316e445778,http://ufcstats.com/fight-details/e7077d030d5fc15f,KO/TKO,captured,no,yes,missing_stats
a3fb6800-9485-5a30-9631-947107de6cc0,48962122-b1ec-54f5-bbe1-ab316e445778,http://ufcstats.com/fight-details/360b13f97e7ca703,KO/TKO,captured,no,yes,missing_stats
b22727f6-fdd0-50cb-b23b-2b12c4a033eb,48962122-b1ec-54f5-bbe1-ab316e445778,http://ufcstats.com/fight-details/d5ebdf462c9b59b3,Submission,captured,no,yes,missing_stats
c092c6df-3e03-5b63-a91c-9015fc1b28c5,48962122-b1ec-54f5-bbe1-ab316e445778,http://ufcstats.com/fight-details/53902dcb3e213b18,Submission,captured,no,yes,missing_stats
c5b04dfd-5162-5c48-b57f-feac1b4f3404,48962122-b1ec-54f5-bbe1-ab316e445778,http://ufcstats.com/fight-details/365fd759c03e93cf,Decision - Unanimous,captured,no,yes,missing_stats
d83d42a9-3a36-594f-961d-5799b915635a,48962122-b1ec-54f5-bbe1-ab316e445778,http://ufcstats.com/fight-details/d4bd456d70965734,KO/TKO,captured,no,yes,missing_stats
d9a8f553-e490-5101-bfab-44a3ef3ef5b9,48962122-b1ec-54f5-bbe1-ab316e445778,http://ufcstats.com/fight-details/8e482cead0c7eb15,KO/TKO,captured,no,yes,missing_stats
ea4f813c-70c3-5b24-a8d6-5da7d5d85b51,48962122-b1ec-54f5-bbe1-ab316e445778,http://ufcstats.com/fight-details/e79e4d13546d2360,Decision - Unanimous,captured,no,yes,missing_stats
002a60fe-e7eb-5c4e-942a-9e36eb1ff76b,51164b6d-22a2-5767-ab6a-84c59abfecb7,http://ufcstats.com/fight-details/c47796e11a801e12,Submission,captured,no,yes,missing_stats
2656f87f-a89d-5279-ada5-1b33b41c69c7,51164b6d-22a2-5767-ab6a-84c59abfecb7,http://ufcstats.com/fight-details/58ffa2dac4f2e7d0,Decision - Unanimous,captured,no,yes,missing_stats
98d1a70d-8eba-5680-b0d9-a8ab6dc91e20,51164b6d-22a2-5767-ab6a-84c59abfecb7,http://ufcstats.com/fight-details/5d2eedd05081ed23,KO/TKO,captured,no,yes,missing_stats
9dd74c56-e820-582b-9a08-17cbb9aa1e3e,51164b6d-22a2-5767-ab6a-84c59abfecb7,http://ufcstats.com/fight-details/bfe4950b3de83e9c,KO/TKO,captured,no,yes,missing_stats
a78d9b13-711b-510e-8c44-061c7c6fc250,51164b6d-22a2-5767-ab6a-84c59abfecb7,http://ufcstats.com/fight-details/90940d93d6e0998f,Decision - Unanimous,captured,no,yes,missing_stats
aec0fc82-a875-5c45-9bc2-f7ae1c93450e,51164b6d-22a2-5767-ab6a-84c59abfecb7,http://ufcstats.com/fight-details/b0474597b2c60482,KO/TKO,captured,no,yes,missing_stats
b2cf0da4-705e-5d82-addc-6f18e0fa8705,51164b6d-22a2-5767-ab6a-84c59abfecb7,http://ufcstats.com/fight-details/20d74ed23d3e9b3a,Submission,captured,no,yes,missing_stats
ca666c11-5735-5afe-9688-0b0882313588,51164b6d-22a2-5767-ab6a-84c59abfecb7,http://ufcstats.com/fight-details/5c69b019e6deee41,Decision - Unanimous,captured,no,yes,missing_stats
cb78e007-42f1-52f4-9fce-6d21f8b6cf8e,51164b6d-22a2-5767-ab6a-84c59abfecb7,http://ufcstats.com/fight-details/44cfbb8c3c356c65,Submission,captured,no,yes,missing_stats
dda9806d-ecfe-5705-857e-9686395509d8,51164b6d-22a2-5767-ab6a-84c59abfecb7,http://ufcstats.com/fight-details/419fff06f338f5c6,Decision - Unanimous,captured,no,yes,missing_stats
dfad314f-bc0f-5376-9b44-918db92b1eae,51164b6d-22a2-5767-ab6a-84c59abfecb7,http://ufcstats.com/fight-details/a6b211d8dab5edec,Decision - Split,captured,no,yes,missing_stats
f2d1e20d-e05b-52ff-86c0-524ac2c4502d,51164b6d-22a2-5767-ab6a-84c59abfecb7,http://ufcstats.com/fight-details/98e77712f99956ff,Submission,captured,no,yes,missing_stats
575a9caf-7586-5040-9556-945df7f35474,52ba42ca-1f6e-5a71-9398-5802a5f122cf,http://ufcstats.com/fight-details/4bce0ce561a65288,Submission,captured,no,no,missing_stats
fe535710-1ba0-50e5-b2e5-f3b6d01a1079,52ba42ca-1f6e-5a71-9398-5802a5f122cf,http://ufcstats.com/fight-details/b80872821bc4f6ba,KO/TKO,captured,no,no,missing_stats
2a9bdab4-6059-5a5e-b7ab-e0ea5a7f285c,578cbea8-6b82-51dd-b7c5-86c5352b02fd,http://ufcstats.com/fight-details/c413b0abc04358c3,Submission,captured,no,no,missing_stats
52589757-5adf-5362-9ef9-ddda6d33ee23,578cbea8-6b82-51dd-b7c5-86c5352b02fd,http://ufcstats.com/fight-details/3badedeb2c5533f4,KO/TKO,captured,no,no,missing_stats
d79a8784-074e-5660-8e66-b5e70e451838,5a5bbd54-47c3-5adc-92b4-9ccb6b4d8027,http://ufcstats.com/fight-details/8b258bbb37f74a66,Decision - Unanimous,captured,no,no,missing_stats
3a0a3020-48c9-583b-8665-c4881fbaba7f,5f24d9e2-0bc2-5607-a012-fa37c2478319,http://ufcstats.com/fight-details/d7070ab1b2144f8d,Submission,captured,no,yes,missing_stats
611cc150-ebfd-5778-983a-cec432695a39,5f24d9e2-0bc2-5607-a012-fa37c2478319,http://ufcstats.com/fight-details/05bc7a042156b6f6,KO/TKO,captured,no,yes,missing_stats
6746b513-a235-5ade-8edd-1e3578a90a90,5f24d9e2-0bc2-5607-a012-fa37c2478319,http://ufcstats.com/fight-details/f6e6b004f07363e9,KO/TKO,captured,no,yes,missing_stats
6bf4c7fa-15de-5985-ad3c-7c09922a85e9,5f24d9e2-0bc2-5607-a012-fa37c2478319,http://ufcstats.com/fight-details/3859314324918eeb,Decision - Unanimous,captured,no,yes,missing_stats
9562e80c-73bf-53ce-877d-ec398e16f412,5f24d9e2-0bc2-5607-a012-fa37c2478319,http://ufcstats.com/fight-details/532340708f0500bd,Submission,captured,no,yes,missing_stats
9b3cfe09-a833-5571-a5de-e8573411e331,5f24d9e2-0bc2-5607-a012-fa37c2478319,http://ufcstats.com/fight-details/61280e5644189c61,Decision - Unanimous,captured,no,yes,missing_stats
a2075153-5c2f-5643-ba42-d0571e1633a3,5f24d9e2-0bc2-5607-a012-fa37c2478319,http://ufcstats.com/fight-details/5ffb251c6ea48b65,KO/TKO,captured,no,yes,missing_stats
a6be8ec7-2b31-5e17-9fce-e6bcc90c40ed,5f24d9e2-0bc2-5607-a012-fa37c2478319,http://ufcstats.com/fight-details/a122306d0ce5fbfb,Submission,captured,no,yes,missing_stats
bc527e3c-15b0-5f9c-aadb-8e95df708bfc,5f24d9e2-0bc2-5607-a012-fa37c2478319,http://ufcstats.com/fight-details/4ace64aa144389c5,Decision - Unanimous,captured,no,yes,missing_stats
bcff998e-c1b6-59a3-a5cf-0f88bb9ba56c,5f24d9e2-0bc2-5607-a012-fa37c2478319,http://ufcstats.com/fight-details/c36cd04f8f560f0a,KO/TKO,captured,no,yes,missing_stats
c9472104-0bdd-5973-9e06-0c20180d3b3f,5f24d9e2-0bc2-5607-a012-fa37c2478319,http://ufcstats.com/fight-details/3ac870d6e7d323b7,Decision - Unanimous,captured,no,yes,missing_stats
e00fae80-c64a-58fe-abfc-71dbcab993c5,5f24d9e2-0bc2-5607-a012-fa37c2478319,http://ufcstats.com/fight-details/9009ec7b91f2be14,KO/TKO,captured,no,yes,missing_stats
03bec0e0-8efe-55db-9971-bd36132b3c1e,68a758a6-bd6a-5ec7-933e-72251614d52f,http://ufcstats.com/fight-details/46d800ce45fdd3e6,KO/TKO,captured,no,yes,missing_stats
19d4f02e-cb5b-5a82-8aac-9598812eaefd,68a758a6-bd6a-5ec7-933e-72251614d52f,http://ufcstats.com/fight-details/3bd159c1bed14700,Decision - Unanimous,captured,no,yes,missing_stats
3ea09870-977d-53fc-a70e-d49be991ebbd,68a758a6-bd6a-5ec7-933e-72251614d52f,http://ufcstats.com/fight-details/410e6b9e01660b35,Decision - Unanimous,captured,no,yes,missing_stats
53b9cada-68ba-5c11-8da4-28833cd6b5fe,68a758a6-bd6a-5ec7-933e-72251614d52f,http://ufcstats.com/fight-details/4eff5a845db17572,Decision - Unanimous,captured,no,yes,missing_stats
6168dff5-3df1-5ddd-8a5f-17bff9a3b0df,68a758a6-bd6a-5ec7-933e-72251614d52f,http://ufcstats.com/fight-details/f2eb569176e46edf,Decision - Unanimous,captured,no,yes,missing_stats
7189f7d3-d325-5abd-8e57-da16f3032017,68a758a6-bd6a-5ec7-933e-72251614d52f,http://ufcstats.com/fight-details/52ddf20a10890b41,Decision - Unanimous,captured,no,yes,missing_stats
a259627a-3a95-52ec-ba76-fb1d5e5aceae,68a758a6-bd6a-5ec7-933e-72251614d52f,http://ufcstats.com/fight-details/f2abca7379982d4f,Submission,captured,no,yes,missing_stats
ce8015a7-1253-5de4-89fd-9e445ec35c02,68a758a6-bd6a-5ec7-933e-72251614d52f,http://ufcstats.com/fight-details/e05155c1b5c2dc74,KO/TKO,captured,no,yes,missing_stats
d2315b90-4f6f-54f4-86d1-bf30ff0c37c8,68a758a6-bd6a-5ec7-933e-72251614d52f,http://ufcstats.com/fight-details/307ea95ad7ebe466,Submission,captured,no,yes,missing_stats
e439fb69-cd79-5705-842a-4f98ddbf492a,68a758a6-bd6a-5ec7-933e-72251614d52f,http://ufcstats.com/fight-details/701c97405da76603,Decision - Unanimous,captured,no,yes,missing_stats
f2783f53-9556-5653-9815-c15e8614412c,68a758a6-bd6a-5ec7-933e-72251614d52f,http://ufcstats.com/fight-details/c64c6ba6eb1e1d06,KO/TKO,captured,no,yes,missing_stats
ff2f8419-ef0c-51d0-92a5-e2ec152290b3,68a758a6-bd6a-5ec7-933e-72251614d52f,http://ufcstats.com/fight-details/9e525f939fba3e73,Decision - Unanimous,captured,no,yes,missing_stats
0a078174-ba92-5058-be64-d62257966f3d,6952ee17-a74d-5432-832f-b9c6d22f8e65,http://ufcstats.com/fight-details/5425c577ed4f50b3,KO/TKO,captured,no,yes,missing_stats
37015e6b-0070-5ffb-a692-eb3b72bf463a,6952ee17-a74d-5432-832f-b9c6d22f8e65,http://ufcstats.com/fight-details/f1bce0c9a3fa4bcb,KO/TKO,captured,no,yes,missing_stats
37559279-4d40-512a-bfd3-912e36f1b092,6952ee17-a74d-5432-832f-b9c6d22f8e65,http://ufcstats.com/fight-details/f425b7a527dd53aa,Submission,captured,no,yes,missing_stats
3a8bcd8d-f048-57ed-9a79-12f5745643f6,6952ee17-a74d-5432-832f-b9c6d22f8e65,http://ufcstats.com/fight-details/fbd99ae7e1ff993a,KO/TKO,captured,no,yes,missing_stats
55a021c5-0dae-5181-980e-c718636e6ae6,6952ee17-a74d-5432-832f-b9c6d22f8e65,http://ufcstats.com/fight-details/68ae50dbf98dc15f,KO/TKO,captured,no,yes,missing_stats
6ede7ecf-41c0-50de-b18d-44e1ba6edc3a,6952ee17-a74d-5432-832f-b9c6d22f8e65,http://ufcstats.com/fight-details/4350abb4f1933f88,Decision - Unanimous,captured,no,yes,missing_stats
8167b140-2879-58b7-b8b7-f95a7f6981e1,6952ee17-a74d-5432-832f-b9c6d22f8e65,http://ufcstats.com/fight-details/f78f34ef2ee7b02c,KO/TKO,captured,no,yes,missing_stats
81a625a4-672a-5644-8bf9-26053f0a823f,6952ee17-a74d-5432-832f-b9c6d22f8e65,http://ufcstats.com/fight-details/13aa6688d0538095,Submission,captured,no,yes,missing_stats
849af637-a2cc-54b7-a8d0-68bfe47aee33,6952ee17-a74d-5432-832f-b9c6d22f8e65,http://ufcstats.com/fight-details/eb8753ed0476b3d1,Decision - Unanimous,captured,no,yes,missing_stats
89be14b9-3037-55de-8fb8-d9c514388569,6952ee17-a74d-5432-832f-b9c6d22f8e65,http://ufcstats.com/fight-details/0c3c835e681972d3,KO/TKO,captured,no,yes,missing_stats
9d2083b0-2853-5ca6-b289-e65e4e4fa47c,6952ee17-a74d-5432-832f-b9c6d22f8e65,http://ufcstats.com/fight-details/878a7e6fec3e4573,Submission,captured,no,yes,missing_stats
c51bc854-f7b8-59cf-80e5-3c332126916f,6952ee17-a74d-5432-832f-b9c6d22f8e65,http://ufcstats.com/fight-details/94cef172179c9778,KO/TKO,captured,no,yes,missing_stats
d2efac10-b2a9-50ac-9944-d6422d4b2048,6952ee17-a74d-5432-832f-b9c6d22f8e65,http://ufcstats.com/fight-details/7ecb154439aca0f9,KO/TKO,captured,no,yes,missing_stats
ef2d6f88-48f2-5ade-b725-e9a3197f3a7a,6952ee17-a74d-5432-832f-b9c6d22f8e65,http://ufcstats.com/fight-details/fec91da886d80200,Submission,captured,no,yes,missing_stats
4b7e2d6e-6e19-5c7b-895f-d7166febe3eb,84bde30e-8fdb-5bcc-b645-708064b6aaff,http://ufcstats.com/fight-details/635fbf57001897c7,KO/TKO,captured,no,no,missing_stats
0cd4c195-dc52-58eb-88e2-1b608310c471,84f52e0a-9bd6-5806-9fe5-ef6f8b4d2ccf,http://ufcstats.com/fight-details/565ecefd8a37ad7e,KO/TKO,captured,no,no,missing_stats
f66ed4a8-f0c7-5d44-9302-6e93774826b9,84f52e0a-9bd6-5806-9fe5-ef6f8b4d2ccf,http://ufcstats.com/fight-details/77bf1e37929b0d59,Submission,captured,no,no,missing_stats
b0ee0f84-eccc-56d7-b8a2-bacb4ca63c1f,8bf7444e-d9a6-5c22-94d2-76ca71b1080c,http://ufcstats.com/fight-details/01c340f77092ac96,,captured,no,no,missing_stats
5c51a98d-9d59-5c8e-b1cb-6974d7394765,9f0a2833-4d74-5ed2-98b8-cdf5f651ae85,http://ufcstats.com/fight-details/b80e6a799c95d499,KO/TKO,captured,no,no,missing_stats
8283a45e-d00d-5dce-b3f5-d4e2dcb67870,9f0a2833-4d74-5ed2-98b8-cdf5f651ae85,http://ufcstats.com/fight-details/a1db4c917777aa79,Submission,captured,no,no,missing_stats
1bba5c25-05f2-52b8-ba49-a92fdb1bbcb7,aa7c03cc-8a0d-529c-afca-67b9d38e88da,http://ufcstats.com/fight-details/127ba4a1ccb3d4a6,KO/TKO,captured,no,yes,missing_stats
6161d3e7-9392-515a-b766-d93e637bc6c9,aa7c03cc-8a0d-529c-afca-67b9d38e88da,http://ufcstats.com/fight-details/5727d5be8c373346,KO/TKO,captured,no,yes,missing_stats
8a8e4047-d6d1-525b-8768-c70a6559394e,aa7c03cc-8a0d-529c-afca-67b9d38e88da,http://ufcstats.com/fight-details/00e8d4b961a65d21,KO/TKO,captured,no,yes,missing_stats
8e007133-02c8-53dc-a08f-b74218162735,aa7c03cc-8a0d-529c-afca-67b9d38e88da,http://ufcstats.com/fight-details/7208e40818401e88,KO/TKO,captured,no,yes,missing_stats
d6d37520-a029-5d4c-885d-9e28fed5f99c,aa7c03cc-8a0d-529c-afca-67b9d38e88da,http://ufcstats.com/fight-details/9a9b30b3165b62e4,KO/TKO,captured,no,yes,missing_stats
db6993e7-ed96-58fb-87d0-6775ddc1ca9a,aa7c03cc-8a0d-529c-afca-67b9d38e88da,http://ufcstats.com/fight-details/60de0423ae6ed097,KO/TKO,captured,no,yes,missing_stats
f252d47a-6f3c-5a03-a0f6-7e02a9e568b9,aa7c03cc-8a0d-529c-afca-67b9d38e88da,http://ufcstats.com/fight-details/30cdb851f6c63444,KO/TKO,captured,no,yes,missing_stats
0438318c-425f-5dd6-872a-5173007d3006,ab7ff981-0dc4-5e3f-a18b-4a68933697ac,http://ufcstats.com/fight-details/81cde317c156723b,Submission,captured,no,yes,missing_stats
31a3e9bb-d081-5d7a-9c3a-1174e1281090,ab7ff981-0dc4-5e3f-a18b-4a68933697ac,http://ufcstats.com/fight-details/5e7f4ba1210f433d,Submission,captured,no,yes,missing_stats
3c73918a-0363-54f4-a6fb-e7e4965a159f,ab7ff981-0dc4-5e3f-a18b-4a68933697ac,http://ufcstats.com/fight-details/ae0a91c8f92f4758,Decision - Unanimous,captured,no,yes,missing_stats
49c681d2-1fa4-5974-872b-4f39945e0a46,ab7ff981-0dc4-5e3f-a18b-4a68933697ac,http://ufcstats.com/fight-details/0e60ab32f3d03929,KO/TKO,captured,no,yes,missing_stats
51f8c513-37c1-5ca6-86ff-9034fe75493d,ab7ff981-0dc4-5e3f-a18b-4a68933697ac,http://ufcstats.com/fight-details/6a35ff33b8597904,Decision - Unanimous,captured,no,yes,missing_stats
64c97cfe-78cf-58e2-8cd5-7c57085e5544,ab7ff981-0dc4-5e3f-a18b-4a68933697ac,http://ufcstats.com/fight-details/d83294b031502177,Decision - Unanimous,captured,no,yes,missing_stats
7223efb3-d5d9-5390-84f9-78b014e6b3f9,ab7ff981-0dc4-5e3f-a18b-4a68933697ac,http://ufcstats.com/fight-details/35985895d4ef321e,Submission,captured,no,yes,missing_stats
81a46fdc-2000-5684-ad69-0b57bbbb4817,ab7ff981-0dc4-5e3f-a18b-4a68933697ac,http://ufcstats.com/fight-details/809814f03ff3140c,KO/TKO,captured,no,yes,missing_stats
8b49a924-1ca7-5439-922a-216abc614a59,ab7ff981-0dc4-5e3f-a18b-4a68933697ac,http://ufcstats.com/fight-details/1a7119f3996b5635,Submission,captured,no,yes,missing_stats
d7bc6e38-5b71-5dfb-8f26-b94c405655f6,ab7ff981-0dc4-5e3f-a18b-4a68933697ac,http://ufcstats.com/fight-details/c13dc0cccef263f7,KO/TKO,captured,no,yes,missing_stats
f96f9677-098c-50fa-9a1a-948ea032385f,ab7ff981-0dc4-5e3f-a18b-4a68933697ac,http://ufcstats.com/fight-details/48b1ee7ab45add4c,KO/TKO,captured,no,yes,missing_stats
fc6402b8-33b6-5ea2-a25b-df6333e4bea8,ab7ff981-0dc4-5e3f-a18b-4a68933697ac,http://ufcstats.com/fight-details/012c307c9d446c4d,Decision - Unanimous,captured,no,yes,missing_stats
feb62f56-3ba4-5c60-a331-1bf5650c7b79,ab7ff981-0dc4-5e3f-a18b-4a68933697ac,http://ufcstats.com/fight-details/f1cb2e7ef096ec7c,KO/TKO,captured,no,yes,missing_stats
263de3b4-1f55-51d3-9501-52225d09edee,b4860508-b353-5965-a30a-3cd1c783a35e,http://ufcstats.com/fight-details/e4fe950846b51bdf,KO/TKO,captured,no,no,missing_stats
93c0841a-08e8-5bcd-88ed-ed4fc7373fda,b4860508-b353-5965-a30a-3cd1c783a35e,http://ufcstats.com/fight-details/4b334c9727eee450,TKO - Doctor's Stoppage,captured,no,no,missing_stats
1e982494-7840-5da8-a6ea-67c57a6d11f9,b5328742-96c5-52e9-8f7c-49d66df6ba40,http://ufcstats.com/fight-details/6449a1a9a69a830c,Submission,captured,no,no,missing_stats
d085d9a6-3e6f-5c52-9a42-ba1cde8a62f5,b5328742-96c5-52e9-8f7c-49d66df6ba40,http://ufcstats.com/fight-details/7ffcc3a72e082ace,Submission,captured,no,no,missing_stats
0b552569-3ac8-559f-8087-5ca5df244b2a,c9bf87c9-7f2f-52d0-a66f-37e018dc1473,http://ufcstats.com/fight-details/ded584e13276cbcb,Decision - Unanimous,captured,no,yes,missing_stats
0c0b7082-496a-5925-a113-d371ce49285f,c9bf87c9-7f2f-52d0-a66f-37e018dc1473,http://ufcstats.com/fight-details/a10deecfb8558335,Submission,captured,no,yes,missing_stats
21267cb9-3657-5182-8cc9-ffa2341ebec8,c9bf87c9-7f2f-52d0-a66f-37e018dc1473,http://ufcstats.com/fight-details/3050549d19395f6f,Decision - Unanimous,captured,no,yes,missing_stats
3413538f-fdcf-51dd-a461-8e1ee58ff45d,c9bf87c9-7f2f-52d0-a66f-37e018dc1473,http://ufcstats.com/fight-details/13380a8d6cdbb381,KO/TKO,captured,no,yes,missing_stats
4bc1cafe-ffc4-5389-a22b-ea031e301fc1,c9bf87c9-7f2f-52d0-a66f-37e018dc1473,http://ufcstats.com/fight-details/81ae2a465e0dfa4f,Decision - Unanimous,captured,no,yes,missing_stats
64dc0d74-791f-5c1f-9d1a-82ddead18448,c9bf87c9-7f2f-52d0-a66f-37e018dc1473,http://ufcstats.com/fight-details/d463229133909215,Submission,captured,no,yes,missing_stats
73c44e0d-d391-5524-b079-cb3820742776,c9bf87c9-7f2f-52d0-a66f-37e018dc1473,http://ufcstats.com/fight-details/06bfde3e3577906f,KO/TKO,captured,no,yes,missing_stats
aeade0c5-1ee1-5614-b299-865c8c714cc9,c9bf87c9-7f2f-52d0-a66f-37e018dc1473,http://ufcstats.com/fight-details/1168a8e59aacfd72,KO/TKO,captured,no,yes,missing_stats
cf0b5816-dec3-5a9d-8a6f-b31fd2fd6b54,c9bf87c9-7f2f-52d0-a66f-37e018dc1473,http://ufcstats.com/fight-details/64829a32c78ab656,Submission,captured,no,yes,missing_stats
d357110b-e2f6-50f8-a22b-11c418796a52,c9bf87c9-7f2f-52d0-a66f-37e018dc1473,http://ufcstats.com/fight-details/d5245f5b96b8afdf,Decision - Unanimous,captured,no,yes,missing_stats
db3eaa0e-f44b-5100-951b-c75dd4bc3b01,c9bf87c9-7f2f-52d0-a66f-37e018dc1473,http://ufcstats.com/fight-details/f44ab9e9e4a89735,KO/TKO,captured,no,yes,missing_stats
ee750b30-fdd1-5a8d-bd05-62cc0f83588d,c9bf87c9-7f2f-52d0-a66f-37e018dc1473,http://ufcstats.com/fight-details/13f31f7a784013a3,Decision - Unanimous,captured,no,yes,missing_stats
10ecb38f-dab1-56f3-bce8-b344b0a68887,d303da68-045c-5987-bf62-3a9f6223034a,http://ufcstats.com/fight-details/8e03db41687d9132,KO/TKO,captured,no,no,missing_stats
6c049843-cb23-5c77-9bad-b60ca9e0153c,d303da68-045c-5987-bf62-3a9f6223034a,http://ufcstats.com/fight-details/b297c3e938e1005e,KO/TKO,captured,no,no,missing_stats
815c5c7c-efc2-517c-9de0-e347484cb013,dee0f510-51ac-5484-85c1-add420b2bf4b,http://ufcstats.com/fight-details/dcad1abf3b4142b3,,captured,no,no,missing_stats
cfdfee71-c77c-50df-b2be-c843371b6a54,ecac8d55-6a0e-5ec5-add9-ae2647306657,http://ufcstats.com/fight-details/5701dbbbfa4f8313,KO/TKO,captured,no,no,missing_stats
e50bde08-61d7-5718-9a69-39e673ffa10a,f1e5063b-1038-5cc4-a825-4bfdaea5e8df,http://ufcstats.com/fight-details/47b37ff5458e7ee6,,captured,no,no,missing_stats
59b12bcb-e859-54fc-a77a-265813e7173c,f9fdb60d-f963-535d-a85d-6d782b6e17f4,http://ufcstats.com/fight-details/82fc26ffad703fc9,,captured,no,no,missing_stats
