source_row_id,fight_id,event_date,fighter_1_id,fighter_1_name,fighter_2_id,fighter_2_name,timing_blocked,data_blocked,status,reasons
warehouse:0304128f-1ed2-59dd-8d48-2249aca821f2,0304128f-1ed2-59dd-8d48-2249aca821f2,2026-09-12,7f5c1015-2e58-599d-928d-ffe29dbcc75a,David Martinez,cd320a8b-729d-5932-a8c4-ceefb3beb0fb,Dan Ige,True,True,BLOCKED,less_than_24_hours_before_utc_event_boundary;unknown_title_status;unverified_fighter_1_experience;unverified_fighter_2_experience
warehouse:03bec0e0-8efe-55db-9971-bd36132b3c1e,03bec0e0-8efe-55db-9971-bd36132b3c1e,2026-07-18,d7b08d42-543a-5319-ac37-8ffdf0c9521b,Levi Rodrigues Jr.,ae00efba-5d34-5055-a671-088736818950,Felipe Franco,True,True,BLOCKED,less_than_24_hours_before_utc_event_boundary;unknown_title_status;unverified_fighter_1_experience;unverified_fighter_2_experience
warehouse:08a9fc7a-f972-59b2-a3d1-8be1c154bdcc,08a9fc7a-f972-59b2-a3d1-8be1c154bdcc,2026-09-12,73c4ad29-2d07-5741-9f96-4679c0ec582c,Drakkar Klose,88d3ab80-4e7e-50d5-8c2e-abb4327ef93f,Tommy Gantt,True,True,BLOCKED,less_than_24_hours_before_utc_event_boundary;unknown_title_status;unverified_fighter_1_experience;unverified_fighter_2_experience
warehouse:0a078174-ba92-5058-be64-d62257966f3d,0a078174-ba92-5058-be64-d62257966f3d,2026-08-01,af151ba8-797a-5a37-8125-89e8705bc01f,Mateusz Rebecki,29e2be84-e6f9-564a-91ac-67038549c6ab,Kyle Prepolec,True,True,BLOCKED,less_than_24_hours_before_utc_event_boundary;unknown_title_status;unverified_fighter_1_experience;unverified_fighter_2_experience
warehouse:0a2d3ada-1c34-5fd6-b7a4-c4151be392c9,0a2d3ada-1c34-5fd6-b7a4-c4151be392c9,2026-10-03,76e14568-01d0-502b-9990-5c935b7df2c0,Johnny Walker,69553e15-775b-537f-aa11-3e09639a1134,Mick Parkin,True,True,BLOCKED,less_than_24_hours_before_utc_event_boundary;unknown_title_status;unverified_fighter_1_experience;unverified_fighter_2_experience
warehouse:108f5aca-513a-5fd9-af6f-c7c8f78e0e03,108f5aca-513a-5fd9-af6f-c7c8f78e0e03,2026-08-01,bb1528ff-105a-5528-af03-53018624ae46,Oban Elliott,1691f44d-2268-5baa-a732-bb412d331919,Michael Oliveira,True,True,BLOCKED,alias_represented_by_canonical_bout;less_than_24_hours_before_utc_event_boundary;unknown_title_status;unverified_fighter_1_experience;unverified_fighter_2_experience
warehouse:129b49aa-9be9-5739-a710-4e63b5254405,129b49aa-9be9-5739-a710-4e63b5254405,2026-10-17,20a76047-61dd-5f54-80fd-f93d6f9ce05b,Cody Chovancek,3e0efe95-eea8-5cca-aa45-76ea494437ed,SuYoung You,False,True,BLOCKED,unknown_title_status;unverified_fighter_1_experience;unverified_fighter_2_experience
warehouse:142b43e4-12ae-574b-a291-81a81180425c,142b43e4-12ae-574b-a291-81a81180425c,2026-10-17,38cb4836-341f-574c-89a4-7f647b702f86,Tanner Boser,5d82280c-c367-5931-8c0a-174f7419fa40,Jhonata Diniz,False,True,BLOCKED,unknown_title_status;unverified_fighter_1_experience;unverified_fighter_2_experience
warehouse:173f9691-7ba9-51c8-b0ab-e8ddbbc2ed17,173f9691-7ba9-51c8-b0ab-e8ddbbc2ed17,2026-09-05,1763c8f8-e72b-534d-9165-8f2ce8b81ebc,Morgan Charriere,8670e015-4c7c-5d92-94b1-b56cd5eef78f,Felipe Lima,True,True,BLOCKED,less_than_24_hours_before_utc_event_boundary;unknown_title_status;unverified_fighter_1_experience;unverified_fighter_2_experience
warehouse:18531c3c-3434-5a17-bee4-a98a5b0070b2,18531c3c-3434-5a17-bee4-a98a5b0070b2,2026-09-05,c7408cf5-b34f-52ab-8818-ac2064854c65,Losene Keita,2910510b-f977-5dbe-a3c2-7a06f842ed72,Muhammad Naimov,True,True,BLOCKED,less_than_24_hours_before_utc_event_boundary;unknown_title_status;unverified_fighter_1_experience;unverified_fighter_2_experience
warehouse:1a20b2d9-e495-57f5-97be-d825e4923d3a,1a20b2d9-e495-57f5-97be-d825e4923d3a,2026-11-07,5677e09c-ed77-5104-8f51-960acfa189cb,Gabriel Bonfim,bf9eab44-5c58-5ef9-a0bd-c9153734005c,Sean Brady,True,True,BLOCKED,outside_14_day_window;unknown_title_status;unverified_fighter_1_experience;unverified_fighter_2_experience
warehouse:1ce74697-5531-568f-b769-051f65fb459f,1ce74697-5531-568f-b769-051f65fb459f,2026-08-22,aa1ccfcd-2847-58e0-b1b2-878ab573b57a,Carli Judice,7ca3e5fa-3a3e-52ea-ad9d-4b3326bb8923,Jeisla Chaves,True,True,BLOCKED,less_than_24_hours_before_utc_event_boundary;unknown_title_status;unverified_fighter_1_experience;unverified_fighter_2_experience
warehouse:1f4c562f-5fa7-5a69-a12c-4a4cd7cf16f0,1f4c562f-5fa7-5a69-a12c-4a4cd7cf16f0,2026-09-26,eb22e770-ff31-5f66-99e7-98fe57c77f7e,Mehemmedeli Osmanli,0e0e4e82-cccc-5430-b8cd-93de2a3e9512,Ilimbek Akylbek Uulu,True,True,BLOCKED,less_than_24_hours_before_utc_event_boundary;unknown_title_status;unverified_fighter_1_experience;unverified_fighter_2_experience
warehouse:214db7e8-b47b-596f-92e4-d322dffe191f,214db7e8-b47b-596f-92e4-d322dffe191f,2026-09-05,cdf457b3-fad7-5c6a-ab9f-db9f81adc66c,Fares Ziam,dfbbc0ce-fcc6-51f5-aaa9-2a7263fe9fb2,Axel Sola,True,True,BLOCKED,less_than_24_hours_before_utc_event_boundary;unknown_title_status;unverified_fighter_1_experience;unverified_fighter_2_experience
warehouse:2285491c-14ce-54b9-9584-3c70abf40263,2285491c-14ce-54b9-9584-3c70abf40263,2026-10-03,37d0f593-0c2f-525e-804b-72847f0fcf7c,King Green,7bcb343a-1747-5ca8-b23a-560706290c4a,Esteban Ribovics,True,True,BLOCKED,less_than_24_hours_before_utc_event_boundary;unknown_title_status;unverified_fighter_1_experience;unverified_fighter_2_experience
warehouse:23d22d57-1621-5383-b677-b34a3fcccada,23d22d57-1621-5383-b677-b34a3fcccada,2026-09-19,55cd042e-4dc8-5ced-9bb2-a67bd1b76efe,Casey O'Neill,24120041-ba65-5283-a577-b1132c5be3bf,Eduarda Moura,True,True,BLOCKED,less_than_24_hours_before_utc_event_boundary;unknown_title_status;unverified_fighter_1_experience;unverified_fighter_2_experience
warehouse:28621f0f-fe19-531b-9a4b-07615c60824a,28621f0f-fe19-531b-9a4b-07615c60824a,2026-09-26,cec138fc-95d9-590a-9bf1-949ce07102a3,Norma Dumont,5fed9ca6-a095-5403-a819-b984a11460c1,Ailin Perez,True,True,BLOCKED,less_than_24_hours_before_utc_event_boundary;unknown_title_status;unverified_fighter_1_experience;unverified_fighter_2_experience
warehouse:2ac9d36f-4e24-5907-b56e-5c75a60928ab,2ac9d36f-4e24-5907-b56e-5c75a60928ab,2026-09-19,cb26064a-f192-5fdf-a261-1756de62a566,Giga Chikadze,286c3351-743c-57a4-9cd7-45e6d509cf56,Joanderson Brito,True,True,BLOCKED,less_than_24_hours_before_utc_event_boundary;unknown_title_status;unverified_fighter_1_experience;unverified_fighter_2_experience
warehouse:2f17110e-a377-5ca9-b251-976567e85b79,2f17110e-a377-5ca9-b251-976567e85b79,2026-08-01,d9d76f34-5422-589b-bf3e-325cec5d278f,Nina Milosevic,2cdec672-3348-5df3-9bfc-f97089294919,Hailey Cowan,True,True,BLOCKED,less_than_24_hours_before_utc_event_boundary;unknown_title_status;unverified_fighter_1_experience;unverified_fighter_2_experience
warehouse:3052080e-a58b-5aca-a06a-fc89c6537959,3052080e-a58b-5aca-a06a-fc89c6537959,2026-09-26,34b4d1c0-7797-5c0b-a508-c6958126da31,Rodolfo Bellato,34dfd03d-d027-5b9b-93a8-58ec3d3837d4,Christian Edwards,True,True,BLOCKED,less_than_24_hours_before_utc_event_boundary;unknown_title_status;unverified_fighter_1_experience;unverified_fighter_2_experience
warehouse:3119317d-2397-5e20-838f-d4508e3eea42,3119317d-2397-5e20-838f-d4508e3eea42,2026-07-18,7ff2b749-70a8-553c-a590-ce4daf8b47d7,Dricus Du Plessis,d688d65d-4c13-5528-bbb4-99abc7f42d04,Kamaru Usman,True,True,BLOCKED,alias_represented_by_canonical_bout;less_than_24_hours_before_utc_event_boundary;unknown_title_status;unverified_fighter_1_experience;unverified_fighter_2_experience
warehouse:313cb79e-d6de-5f81-b87e-8223c17afe7d,313cb79e-d6de-5f81-b87e-8223c17afe7d,2026-09-05,ae8fada7-e54b-5cd1-a947-a30e6263919c,Kurtis Campbell,6109043e-0c5b-5912-ab7f-b40c0c7274e6,Trevor Peek,True,True,BLOCKED,less_than_24_hours_before_utc_event_boundary;unknown_title_status;unverified_fighter_1_experience;unverified_fighter_2_experience
warehouse:32d7a6c3-bb16-573d-acdd-562fb93af46b,32d7a6c3-bb16-573d-acdd-562fb93af46b,2026-08-22,ff4dd3b0-ce2a-5d77-a5c0-0f8a92ba7646,Kennedy Nzechukwu,a4e4beff-909b-546f-96c4-0300e4997331,Shamil Gaziev,True,True,BLOCKED,less_than_24_hours_before_utc_event_boundary;unknown_title_status;unverified_fighter_1_experience;unverified_fighter_2_experience
warehouse:340f45e0-0cdb-5eeb-92c5-86b4b7ca07af,340f45e0-0cdb-5eeb-92c5-86b4b7ca07af,2026-09-12,2bb33df3-3d33-5355-a4c0-7bd18ee6f345,Sean King III,233deb09-8f81-5eb4-aaf1-1ea4d8ccc97f,Jessie Rosas,True,True,BLOCKED,less_than_24_hours_before_utc_event_boundary;unknown_title_status;unverified_fighter_1_experience;unverified_fighter_2_experience
warehouse:36c6e7dd-6acd-5f34-9f91-66afd004ffd5,36c6e7dd-6acd-5f34-9f91-66afd004ffd5,2026-07-18,d7b08d42-543a-5319-ac37-8ffdf0c9521b,Levi Rodrigues Jr.,ae00efba-5d34-5055-a671-088736818950,Felipe Franco,True,True,BLOCKED,alias_represented_by_canonical_bout;less_than_24_hours_before_utc_event_boundary;unknown_title_status;unverified_fighter_1_experience;unverified_fighter_2_experience
warehouse:37015e6b-0070-5ffb-a692-eb3b72bf463a,37015e6b-0070-5ffb-a692-eb3b72bf463a,2026-08-01,bb1528ff-105a-5528-af03-53018624ae46,Oban Elliott,1691f44d-2268-5baa-a732-bb412d331919,Michael Oliveira,True,True,BLOCKED,less_than_24_hours_before_utc_event_boundary;unknown_title_status;unverified_fighter_1_experience;unverified_fighter_2_experience
warehouse:37559279-4d40-512a-bfd3-912e36f1b092,37559279-4d40-512a-bfd3-912e36f1b092,2026-08-01,04520b1a-923a-54cb-bb8e-dc25172f1709,Dusko Todorovic,604a9af2-2ffe-5e0e-8aab-78f705b9ace9,Robert Valentin,True,True,BLOCKED,less_than_24_hours_before_utc_event_boundary;unknown_title_status;unverified_fighter_1_experience;unverified_fighter_2_experience
warehouse:379c5040-0de7-5b7d-a09a-5701dcb749c4,379c5040-0de7-5b7d-a09a-5701dcb749c4,2026-06-27,d9aa6b4e-2956-52f6-9009-10c40369ddb7,Ismail Naurdiev,824807a4-162c-577e-a2ca-42ce0b60c6f0,Marvin Vettori,True,True,BLOCKED,less_than_24_hours_before_utc_event_boundary;unknown_title_status;unverified_fighter_1_experience;unverified_fighter_2_experience
warehouse:384559ef-d5df-5af4-9c7f-a58c7c359359,384559ef-d5df-5af4-9c7f-a58c7c359359,2026-08-22,bab393ec-7db3-5ba0-9305-f27ae8bcc685,MarQuel Mederos,5587cf9d-f4d8-5937-9788-8055a4d48e37,Mason Jones,True,True,BLOCKED,less_than_24_hours_before_utc_event_boundary;unknown_title_status;unverified_fighter_1_experience;unverified_fighter_2_experience
warehouse:395511ce-200b-53d1-bd8b-956e6b71e14e,395511ce-200b-53d1-bd8b-956e6b71e14e,2026-09-12,9c7f2e6e-c24b-5be1-9af2-6bb9c7ac2605,Tim Elliott,7da32b5e-f3b1-5ddb-a732-9ae379aba088,Edgar Chairez,True,True,BLOCKED,less_than_24_hours_before_utc_event_boundary;unknown_title_status;unverified_fighter_1_experience;unverified_fighter_2_experience
warehouse:3a247061-eef3-5698-aeb4-82d62b5164c1,3a247061-eef3-5698-aeb4-82d62b5164c1,2026-08-22,d25d2c4d-4656-570a-bd17-9c573d98b4d1,Marcio Barbosa,816d5d3f-ef76-591b-9979-63735a26b250,Ryan Kuse,True,True,BLOCKED,less_than_24_hours_before_utc_event_boundary;unknown_title_status;unverified_fighter_1_experience;unverified_fighter_2_experience
warehouse:3a8bcd8d-f048-57ed-9a79-12f5745643f6,3a8bcd8d-f048-57ed-9a79-12f5745643f6,2026-08-01,b2735b09-979b-5d62-8e38-c47ee63f9865,Ludovit Klein,baf4cbdf-a8ab-5faa-82ab-f01bb93e0384,Tofiq Musayev,True,True,BLOCKED,less_than_24_hours_before_utc_event_boundary;unknown_title_status;unverified_fighter_1_experience;unverified_fighter_2_experience
warehouse:3d6dcd1b-20ea-5a03-8d28-b73cd4c5d9be,3d6dcd1b-20ea-5a03-8d28-b73cd4c5d9be,2026-09-12,ee197917-80a9-5169-bcc2-3d2f35ae01f1,Jean Silva,bb216159-7c98-51c2-95c3-40c80b07b741,Jose Delgado,True,True,BLOCKED,less_than_24_hours_before_utc_event_boundary;unknown_title_status;unverified_fighter_1_experience;unverified_fighter_2_experience
warehouse:3e4c6e55-3d03-5b17-aa22-aacc7f559f6f,3e4c6e55-3d03-5b17-aa22-aacc7f559f6f,2026-09-26,c5bb3984-b367-5bfc-9f9e-b0a5c6877c67,Raul Rosas Jr.,e0cd5d4f-e2bb-5098-bd10-2bbfa7489865,Raoni Barcelos,True,True,BLOCKED,less_than_24_hours_before_utc_event_boundary;unknown_title_status;unverified_fighter_1_experience;unverified_fighter_2_experience
warehouse:3ea09870-977d-53fc-a70e-d49be991ebbd,3ea09870-977d-53fc-a70e-d49be991ebbd,2026-07-18,376a38d6-f109-51c9-8178-f6abe5269171,Alden Coria,336c6337-728e-59f6-bcf2-d78ac0d98306,Stewart Nicoll,True,True,BLOCKED,less_than_24_hours_before_utc_event_boundary;unknown_title_status;unverified_fighter_1_experience;unverified_fighter_2_experience
warehouse:3ec09c22-2924-500e-98a9-b7200584f1fa,3ec09c22-2924-500e-98a9-b7200584f1fa,2026-06-06,2d954a60-721a-510f-892c-3d3df4e6a342,Marcus McGhee,d10d773d-b760-5797-876a-3ab6a42dd94a,Jakub Wiklacz,True,True,BLOCKED,less_than_24_hours_before_utc_event_boundary;unknown_title_status;unverified_fighter_1_experience;unverified_fighter_2_experience
warehouse:425d4ef7-f6dc-53ff-a2a7-fe18a7851933,425d4ef7-f6dc-53ff-a2a7-fe18a7851933,2026-07-18,668be70d-fbcf-546f-9b3c-3c83935a02db,Ezra Elliott,68887c03-bc71-531d-8c25-021890ee81e1,Damien Anderson,True,True,BLOCKED,less_than_24_hours_before_utc_event_boundary;unknown_title_status;unverified_fighter_1_experience;unverified_fighter_2_experience
warehouse:439f3889-a36d-5815-b5bc-d041fb63b5ea,439f3889-a36d-5815-b5bc-d041fb63b5ea,2026-09-12,146eba14-fc03-529d-a39c-2f8403bc9df1,Brandon Moreno,c5e55a0a-4452-5e23-8d18-3059dd704c2b,Joseph Morales,True,True,BLOCKED,less_than_24_hours_before_utc_event_boundary;unknown_title_status;unverified_fighter_1_experience;unverified_fighter_2_experience
warehouse:4511da39-38b6-50cd-9f1b-653a3a6e03c5,4511da39-38b6-50cd-9f1b-653a3a6e03c5,2026-10-24,63c2066f-1a74-5b3c-8fad-ecc16796acca,Grant Dawson,ad2bebcf-8752-5190-9e25-4fe6a0ef7346,Nurullo Aliev,True,True,BLOCKED,outside_14_day_window;unknown_title_status;unverified_fighter_1_experience;unverified_fighter_2_experience
warehouse:4530828e-194b-5998-937c-99973d047309,4530828e-194b-5998-937c-99973d047309,2026-05-30,684e54eb-6391-552a-b3b2-c011fcd5c56b,Muslim Salikhov,e87833d6-2e0e-5556-99bf-25e422a49727,Jake Matthews,True,True,BLOCKED,less_than_24_hours_before_utc_event_boundary;unknown_title_status;unverified_fighter_1_experience;unverified_fighter_2_experience
warehouse:4b08f65d-db68-5091-9568-4748c4cf7318,4b08f65d-db68-5091-9568-4748c4cf7318,2026-04-18,6d0eb73f-ebaa-58c0-afd5-39c22957a36f,John Castaneda,7f39e479-ed06-5ae8-ba13-9fac7ba21d6d,Mark Vologdin,True,True,BLOCKED,less_than_24_hours_before_utc_event_boundary;unknown_title_status;unverified_fighter_1_experience;unverified_fighter_2_experience
warehouse:4b189b71-1a28-5f32-a3e9-e7b7ec780fc3,4b189b71-1a28-5f32-a3e9-e7b7ec780fc3,2026-06-27,85089c81-4487-5f63-88eb-93415464c024,Daniil Donchenko,1ce4900d-5c80-5c2d-a281-272f4e8c1ee0,Andreas Gustafsson,True,True,BLOCKED,less_than_24_hours_before_utc_event_boundary;unknown_title_status;unverified_fighter_1_experience;unverified_fighter_2_experience
warehouse:4e4eed91-2b39-5797-83a7-81cce50c17d2,4e4eed91-2b39-5797-83a7-81cce50c17d2,2026-07-18,183d3f65-0f84-57f0-9bb9-32400e20e5fb,Jean-Paul Lebosnoyani,e855585c-e963-58cc-b005-4658513f38d3,Seokhyeon Ko,True,True,BLOCKED,alias_represented_by_canonical_bout;less_than_24_hours_before_utc_event_boundary;unknown_title_status;unverified_fighter_1_experience;unverified_fighter_2_experience
warehouse:4eb3dbd1-98d8-59e9-8e28-52dbb98cbd34,4eb3dbd1-98d8-59e9-8e28-52dbb98cbd34,2026-08-22,147640ec-5f56-5dde-a57a-1788591507a9,Kody Steele,c160c632-b49e-58f8-9671-94839631abb0,Gauge Young,True,True,BLOCKED,less_than_24_hours_before_utc_event_boundary;unknown_title_status;unverified_fighter_1_experience;unverified_fighter_2_experience
warehouse:5077ad8f-9ef1-5fc3-a595-f3a79dcf2915,5077ad8f-9ef1-5fc3-a595-f3a79dcf2915,2026-08-01,b2735b09-979b-5d62-8e38-c47ee63f9865,Ludovit Klein,baf4cbdf-a8ab-5faa-82ab-f01bb93e0384,Tofiq Musayev,True,True,BLOCKED,alias_represented_by_canonical_bout;less_than_24_hours_before_utc_event_boundary;unknown_title_status;unverified_fighter_1_experience;unverified_fighter_2_experience
warehouse:52e6221f-141d-5f35-a45e-788d5d547556,52e6221f-141d-5f35-a45e-788d5d547556,2026-10-24,0d417949-a99d-5ab1-8c38-86eb9b2587f9,Arnold Allen,51f3a8f3-2c0a-5e0b-8f3e-dd99c5ff5c04,Aaron Pico,True,True,BLOCKED,outside_14_day_window;unknown_title_status;unverified_fighter_1_experience;unverified_fighter_2_experience
warehouse:534791de-cebe-53cc-8da8-00afdde28596,534791de-cebe-53cc-8da8-00afdde28596,2026-09-19,26ad9944-0194-5ba9-8744-2471ff01e799,Joshua Van,1600b449-69c6-524a-a47c-a8692b067628,Alexandre Pantoja,True,True,BLOCKED,less_than_24_hours_before_utc_event_boundary;unknown_title_status;unverified_fighter_1_experience;unverified_fighter_2_experience
warehouse:53b9cada-68ba-5c11-8da4-28833cd6b5fe,53b9cada-68ba-5c11-8da4-28833cd6b5fe,2026-07-18,c00bb616-ac26-58fe-af2e-8d953a63322d,Jared Cannonier,364ad7d6-2d46-5e3c-a5f9-5696d76b73a9,Christian Leroy Duncan,True,True,BLOCKED,less_than_24_hours_before_utc_event_boundary;unknown_title_status;unverified_fighter_1_experience;unverified_fighter_2_experience
warehouse:54146b1b-1331-5fec-a156-383198ff9cb0,54146b1b-1331-5fec-a156-383198ff9cb0,2026-09-12,d5bcc400-1657-5c30-867b-977a1f11a28d,JJ Aldrich,a3157006-442a-5f99-89f2-9249b34fe7b9,Regina Tarin,True,True,BLOCKED,less_than_24_hours_before_utc_event_boundary;unknown_title_status;unverified_fighter_1_experience;unverified_fighter_2_experience
warehouse:548f2d75-f656-5b62-b42d-21ec31424bf0,548f2d75-f656-5b62-b42d-21ec31424bf0,2026-10-03,5c8cb00e-666c-5acd-80bb-8360b122b2c8,Rafael Dos Anjos,88dce9d6-792b-5378-ac09-45cab5d81751,Alexander Hernandez,True,True,BLOCKED,less_than_24_hours_before_utc_event_boundary;unknown_title_status;unverified_fighter_1_experience;unverified_fighter_2_experience
warehouse:54e53d0e-1fd1-531c-b16a-0327f8a8894d,54e53d0e-1fd1-531c-b16a-0327f8a8894d,2026-10-03,824807a4-162c-577e-a2ca-42ce0b60c6f0,Marvin Vettori,d9aa6b4e-2956-52f6-9009-10c40369ddb7,Ismail Naurdiev,True,True,BLOCKED,less_than_24_hours_before_utc_event_boundary;unknown_title_status;unverified_fighter_1_experience;unverified_fighter_2_experience
warehouse:55a021c5-0dae-5181-980e-c718636e6ae6,55a021c5-0dae-5181-980e-c718636e6ae6,2026-08-01,5d79cfa7-6f44-52d3-aa0c-e66b5f6f6955,Uros Medic,e4be2bca-c212-58bd-99ef-045f311967de,Daniel Rodriguez,True,True,BLOCKED,less_than_24_hours_before_utc_event_boundary;unknown_title_status;unverified_fighter_1_experience;unverified_fighter_2_experience
warehouse:579ae3cc-e72b-5532-a02e-045093bc9b16,579ae3cc-e72b-5532-a02e-045093bc9b16,2026-09-26,e4daf80a-74fd-551d-8d48-d024590f8b6f,Melissa Amaya,f2c3a2a8-6906-5625-95f0-c7f89aca4e23,Valesca Machado,True,True,BLOCKED,less_than_24_hours_before_utc_event_boundary;unknown_title_status;unverified_fighter_1_experience;unverified_fighter_2_experience
warehouse:58dbd5ff-f2df-5814-854c-a8c4fb45486f,58dbd5ff-f2df-5814-854c-a8c4fb45486f,2026-08-22,ef928ca1-1687-5572-8e81-9d9eae66e85f,Reinier de Ridder,c993afb4-3955-5edb-a748-2f30c637f7ce,Roman Dolidze,True,True,BLOCKED,less_than_24_hours_before_utc_event_boundary;unknown_title_status;unverified_fighter_1_experience;unverified_fighter_2_experience
warehouse:59b12bcb-e859-54fc-a77a-265813e7173c,59b12bcb-e859-54fc-a77a-265813e7173c,2026-04-18,7096b83b-e332-5c07-8cdf-14507f96bb6c,Mitch Raposo,678aa9db-95dc-5ddb-a823-778c32e0172a,Allan Nascimento,True,True,BLOCKED,less_than_24_hours_before_utc_event_boundary;unknown_title_status;unverified_fighter_1_experience;unverified_fighter_2_experience
warehouse:5c415656-53c0-5ced-be99-0c3174f30428,5c415656-53c0-5ced-be99-0c3174f30428,2026-10-17,50bed6a3-d836-5ee3-bc8e-722ec5e6821c,Louis Jourdain,65918409-f6ab-5c39-a8e7-fb89cbe7ce4a,Timmy Cuamba,False,True,BLOCKED,unknown_title_status;unverified_fighter_1_experience;unverified_fighter_2_experience
warehouse:60d69790-1aff-58ef-ab6c-3b98572dc436,60d69790-1aff-58ef-ab6c-3b98572dc436,2026-09-12,3e69aa8b-850c-513b-b346-339b08bf9d62,Tommy McMillen,b61278c5-6f19-598b-8993-0c8ee8a38f39,Marwan Rahiki,True,True,BLOCKED,less_than_24_hours_before_utc_event_boundary;unknown_title_status;unverified_fighter_1_experience;unverified_fighter_2_experience
warehouse:6168dff5-3df1-5ddd-8a5f-17bff9a3b0df,6168dff5-3df1-5ddd-8a5f-17bff9a3b0df,2026-07-18,183d3f65-0f84-57f0-9bb9-32400e20e5fb,Jean-Paul Lebosnoyani,e855585c-e963-58cc-b005-4658513f38d3,Seokhyeon Ko,True,True,BLOCKED,less_than_24_hours_before_utc_event_boundary;unknown_title_status;unverified_fighter_1_experience;unverified_fighter_2_experience
warehouse:61d17aa4-61e0-5774-a46f-ca17a12b1680,61d17aa4-61e0-5774-a46f-ca17a12b1680,2026-09-05,dff31b3a-0311-5fa4-9a43-64d33c5c4c94,Dan Hooker,c127c9f2-42f1-515a-8323-eea07f520087,Salahdine Parnasse,True,True,BLOCKED,less_than_24_hours_before_utc_event_boundary;unknown_title_status;unverified_fighter_1_experience;unverified_fighter_2_experience
warehouse:6298e7bf-13d9-53c6-a98d-25c230184deb,6298e7bf-13d9-53c6-a98d-25c230184deb,2026-10-24,bfa62ab8-5d12-57e2-8469-1bc2417e4ac6,Alexander Volkov,bbdef6b6-d6fa-59b2-9c62-19c6a7ccd2da,Rizvan Kuniev,True,True,BLOCKED,outside_14_day_window;unknown_title_status;unverified_fighter_1_experience;unverified_fighter_2_experience
warehouse:674430ed-71e8-5b14-9698-28bb57512ec9,674430ed-71e8-5b14-9698-28bb57512ec9,2026-06-20,3d3f3ccd-6a55-5f04-8fab-13419acea9f9,Farid Basharat,935309b0-86c6-54a3-abf0-ee4ada20b274,Ethyn Ewing,True,True,BLOCKED,less_than_24_hours_before_utc_event_boundary;unknown_title_status;unverified_fighter_1_experience;unverified_fighter_2_experience
warehouse:68fb21a4-2a40-5b71-bae4-ac1bf29fbbcc,68fb21a4-2a40-5b71-bae4-ac1bf29fbbcc,2026-09-19,dca41af0-be15-5ce7-9967-d38a499e5adf,Patricio Pitbull,45ff56c2-1882-5bad-84d1-fe139808da52,Dooho Choi,True,True,BLOCKED,less_than_24_hours_before_utc_event_boundary;unknown_title_status;unverified_fighter_1_experience;unverified_fighter_2_experience
warehouse:69566aab-ee67-538b-8e36-1879b0db79a9,69566aab-ee67-538b-8e36-1879b0db79a9,2026-10-24,945fa86c-afcf-5ba4-b763-ec8f758f29ee,Abus Magomedov,948f973a-3a36-557b-95b0-92203af7f017,Cam Rowston,True,True,BLOCKED,outside_14_day_window;unknown_title_status;unverified_fighter_1_experience;unverified_fighter_2_experience
warehouse:6b62ff0e-40af-52ea-adc5-320cc1e55c4d,6b62ff0e-40af-52ea-adc5-320cc1e55c4d,2026-10-17,05b52933-2ba0-5c13-b71f-62208fba3378,Melissa Croden,a0169bef-3b85-5e3d-8ddd-698addcfc690,Chelsea Chandler,False,True,BLOCKED,unknown_title_status;unverified_fighter_1_experience;unverified_fighter_2_experience
warehouse:6ede7ecf-41c0-50de-b18d-44e1ba6edc3a,6ede7ecf-41c0-50de-b18d-44e1ba6edc3a,2026-08-01,1b4d1276-a07f-50c2-bc8a-1ab793d14484,Borislav Nikolic,7f39e479-ed06-5ae8-ba13-9fac7ba21d6d,Mark Vologdin,True,True,BLOCKED,less_than_24_hours_before_utc_event_boundary;unknown_title_status;unverified_fighter_1_experience;unverified_fighter_2_experience
warehouse:6fd8bb3e-4000-5283-8e18-8df9a081fbac,6fd8bb3e-4000-5283-8e18-8df9a081fbac,2026-06-20,5d82280c-c367-5931-8c0a-174f7419fa40,Jhonata Diniz,445fdc96-c66b-55a0-a66a-90206514fb64,Henrique Da Silva Lopes,True,True,BLOCKED,less_than_24_hours_before_utc_event_boundary;unknown_title_status;unverified_fighter_1_experience;unverified_fighter_2_experience
warehouse:6fe1d59a-6ae9-5436-bc78-767da12a4707,6fe1d59a-6ae9-5436-bc78-767da12a4707,2026-10-10,5d26bddf-51d3-5417-aeab-7329263c2e27,Brendan Allen,364ad7d6-2d46-5e3c-a5f9-5696d76b73a9,Christian Leroy Duncan,False,True,BLOCKED,unknown_title_status;unverified_fighter_1_experience;unverified_fighter_2_experience
warehouse:70355fcf-fc1c-525b-958c-67a01cd54b87,70355fcf-fc1c-525b-958c-67a01cd54b87,2026-09-05,442eae0e-ced7-5f1c-b901-5c734df71f09,Matthieu Duclos,757ef278-8fe7-5f18-9e11-e6210929f388,Luis Felipe Dias,True,True,BLOCKED,less_than_24_hours_before_utc_event_boundary;unknown_title_status;unverified_fighter_1_experience;unverified_fighter_2_experience
warehouse:7189f7d3-d325-5abd-8e57-da16f3032017,7189f7d3-d325-5abd-8e57-da16f3032017,2026-07-18,c0f958df-1e9f-52d6-a99f-1d4d78583283,Tabatha Ricci,25277ec0-c285-5c5c-88ff-9006496d1a15,Fatima Kline,True,True,BLOCKED,less_than_24_hours_before_utc_event_boundary;unknown_title_status;unverified_fighter_1_experience;unverified_fighter_2_experience
warehouse:7684f614-543d-53ab-b738-d9c77916713a,7684f614-543d-53ab-b738-d9c77916713a,2026-08-01,af151ba8-797a-5a37-8125-89e8705bc01f,Mateusz Rebecki,29e2be84-e6f9-564a-91ac-67038549c6ab,Kyle Prepolec,True,True,BLOCKED,alias_represented_by_canonical_bout;less_than_24_hours_before_utc_event_boundary;unknown_title_status;unverified_fighter_1_experience;unverified_fighter_2_experience
warehouse:76e979fe-4b60-5d8a-ba49-811cf53505c3,76e979fe-4b60-5d8a-ba49-811cf53505c3,2026-07-18,c0f958df-1e9f-52d6-a99f-1d4d78583283,Tabatha Ricci,25277ec0-c285-5c5c-88ff-9006496d1a15,Fatima Kline,True,True,BLOCKED,alias_represented_by_canonical_bout;less_than_24_hours_before_utc_event_boundary;unknown_title_status;unverified_fighter_1_experience;unverified_fighter_2_experience
warehouse:77bb9a3d-afe4-5df5-98ab-e7d6f480833b,77bb9a3d-afe4-5df5-98ab-e7d6f480833b,2026-05-30,e2420550-4ba3-5124-8faf-3b8ff58712ef,Rei Tsuruya,5bd99496-426b-5e1c-b2b9-10da1cec9c6a,Jesus Aguilar,True,True,BLOCKED,less_than_24_hours_before_utc_event_boundary;unknown_title_status;unverified_fighter_1_experience;unverified_fighter_2_experience
warehouse:78127a7a-d501-5bae-8c45-db220bc0206d,78127a7a-d501-5bae-8c45-db220bc0206d,2026-10-03,1f6c2124-fdc6-572e-a1e8-35c56edcb66f,Khaos Williams,c143a6cb-2358-5d09-8711-c83d89f1e4b2,Roberto Soldic,True,True,BLOCKED,less_than_24_hours_before_utc_event_boundary;unknown_title_status;unverified_fighter_1_experience;unverified_fighter_2_experience
warehouse:7ae9189e-11fb-5bb8-93f6-ccf755ce7435,7ae9189e-11fb-5bb8-93f6-ccf755ce7435,2026-08-01,f5513355-0d0c-55e0-baf3-e1e4cff286f6,Jovan Leka,55382684-28ee-514f-a311-a7141c91b4c0,Alexander Poppeck,True,True,BLOCKED,alias_represented_by_canonical_bout;less_than_24_hours_before_utc_event_boundary;unknown_title_status;unverified_fighter_1_experience;unverified_fighter_2_experience
warehouse:7cff70f1-a3fe-5a92-8e39-cb1846da2372,7cff70f1-a3fe-5a92-8e39-cb1846da2372,2026-09-19,d721ac66-2291-5109-852b-934e4c011c8c,Arman Tsarukyan,78d0388e-0a8e-5f08-92ec-0e6be31bab5b,Mauricio Ruffy,True,True,BLOCKED,less_than_24_hours_before_utc_event_boundary;unknown_title_status;unverified_fighter_1_experience;unverified_fighter_2_experience
warehouse:7d682248-030b-5922-b44b-86d2ec5c1636,7d682248-030b-5922-b44b-86d2ec5c1636,2026-10-03,ba2204da-b4bd-5b06-8373-192892858d2c,Court McGee,284503b7-34bd-58b8-8e3c-ebf45b94802a,Eric Nolan,True,True,BLOCKED,less_than_24_hours_before_utc_event_boundary;unknown_title_status;unverified_fighter_1_experience;unverified_fighter_2_experience
warehouse:815c5c7c-efc2-517c-9de0-e347484cb013,815c5c7c-efc2-517c-9de0-e347484cb013,2026-05-02,b735d62f-632b-5477-9309-dce620d3f818,Tai Tuivasa,f9516c93-bcbb-5518-a172-f9206d2b0a87,Sean Sharaf,True,True,BLOCKED,less_than_24_hours_before_utc_event_boundary;unknown_title_status;unverified_fighter_1_experience;unverified_fighter_2_experience
warehouse:8167b140-2879-58b7-b8b7-f95a7f6981e1,8167b140-2879-58b7-b8b7-f95a7f6981e1,2026-08-01,c944025d-1007-576b-af6d-3ad7761f6547,Nina Milosevic,2cdec672-3348-5df3-9bfc-f97089294919,Hailey Cowan,True,True,BLOCKED,less_than_24_hours_before_utc_event_boundary;unknown_title_status;unverified_fighter_1_experience;unverified_fighter_2_experience
warehouse:81a625a4-672a-5644-8bf9-26053f0a823f,81a625a4-672a-5644-8bf9-26053f0a823f,2026-08-01,48418d48-8e51-5df2-93fc-21bd6027db85,Dennis Buzukja,1f2ca711-b218-5d42-8abd-cd23623abf5f,Bogdan Grad,True,True,BLOCKED,less_than_24_hours_before_utc_event_boundary;unknown_title_status;unverified_fighter_1_experience;unverified_fighter_2_experience
warehouse:836f9df5-93b7-591f-a917-74dd2256482b,836f9df5-93b7-591f-a917-74dd2256482b,2026-08-29,af2442fa-bcfc-5b6a-a1a2-3b49ded8c011,Liu Ce,8dbd3137-274e-5bd5-82f5-5a0176286259,Junior Tafa,True,True,BLOCKED,less_than_24_hours_before_utc_event_boundary;unknown_title_status;unverified_fighter_1_experience;unverified_fighter_2_experience
warehouse:83978961-8298-5ec3-9201-adf2dcdfca70,83978961-8298-5ec3-9201-adf2dcdfca70,2026-10-03,295728e1-a666-5e94-89c7-279982d29536,Deiveson Figueiredo,07d3e0c2-ca0d-5ac2-8cdd-58fd2a1e7623,Payton Talbott,True,True,BLOCKED,less_than_24_hours_before_utc_event_boundary;unknown_title_status;unverified_fighter_1_experience;unverified_fighter_2_experience
warehouse:849af637-a2cc-54b7-a8d0-68bfe47aee33,849af637-a2cc-54b7-a8d0-68bfe47aee33,2026-08-01,145f1020-b788-590e-a5b7-e16368dd300a,Aleksandar Rakic,77a534d8-d6d4-5a9e-b167-e538680158c4,Marcin Tybura,True,True,BLOCKED,less_than_24_hours_before_utc_event_boundary;unknown_title_status;unverified_fighter_1_experience;unverified_fighter_2_experience
warehouse:87499a34-2739-59f3-9b91-3106fb69ecdc,87499a34-2739-59f3-9b91-3106fb69ecdc,2026-10-03,54e010a4-6193-5d3d-a6f4-94ba4fc2f2f3,Natalia Silva,3019935f-7428-5698-b88f-f062db349e0c,Wang Cong,True,True,BLOCKED,less_than_24_hours_before_utc_event_boundary;unknown_title_status;unverified_fighter_1_experience;unverified_fighter_2_experience
warehouse:87653e42-f4b1-5fda-92ab-809bfee50ffb,87653e42-f4b1-5fda-92ab-809bfee50ffb,2026-09-12,34998cc8-0bec-5f56-b3eb-ef95c0d1d8b5,Rafa Garcia,b6535431-6603-5b1b-8baa-e41314e8cc15,Rongzhu,True,True,BLOCKED,less_than_24_hours_before_utc_event_boundary;unknown_title_status;unverified_fighter_1_experience;unverified_fighter_2_experience
warehouse:8972e4f7-7df7-59cb-92be-bb0bf07dfd27,8972e4f7-7df7-59cb-92be-bb0bf07dfd27,2026-08-22,e9a17afe-ac82-57c4-9db7-32295a7223c5,Chris Padilla,2e6f8234-5a9a-51a4-a156-eb60a0e037f5,Nasrat Haqparast,True,True,BLOCKED,less_than_24_hours_before_utc_event_boundary;unknown_title_status;unverified_fighter_1_experience;unverified_fighter_2_experience
warehouse:89be14b9-3037-55de-8fb8-d9c514388569,89be14b9-3037-55de-8fb8-d9c514388569,2026-08-01,21c90e7f-1c99-5094-a0cc-e06e88093e7a,Jan Blachowicz,0e6bdbf7-b388-5612-a7b3-f1da80a47c28,Navajo Stirling,True,True,BLOCKED,less_than_24_hours_before_utc_event_boundary;unknown_title_status;unverified_fighter_1_experience;unverified_fighter_2_experience
warehouse:8a15a395-5273-58d7-9a38-27df4099a556,8a15a395-5273-58d7-9a38-27df4099a556,2026-09-19,c548011c-5453-5d20-9a0e-f709c1223191,Renato Moicano,4f8f4438-3d8a-5297-8464-a6ed6d1a3fe5,Brian Ortega,True,True,BLOCKED,less_than_24_hours_before_utc_event_boundary;unknown_title_status;unverified_fighter_1_experience;unverified_fighter_2_experience
warehouse:8b83157a-7266-5358-a485-5f1b2eb83f90,8b83157a-7266-5358-a485-5f1b2eb83f90,2026-09-05,e14b7b7b-593d-5f40-b5a1-66c2ae6a60b8,Michael Page,4917415c-1190-5ad5-94c9-18c004ff30e4,Nursulton Ruziboev,True,True,BLOCKED,less_than_24_hours_before_utc_event_boundary;unknown_title_status;unverified_fighter_1_experience;unverified_fighter_2_experience
warehouse:8c8c90ff-c510-5c57-b758-8b756bd683dd,8c8c90ff-c510-5c57-b758-8b756bd683dd,2026-09-19,b816c68b-7dba-55b0-817e-febdbf6cdbc6,Marlon Vera,cc259f61-a974-5f0f-ad31-d33bd77867e0,Charles Jourdain,True,True,BLOCKED,less_than_24_hours_before_utc_event_boundary;unknown_title_status;unverified_fighter_1_experience;unverified_fighter_2_experience
warehouse:8d6e5c38-9149-5131-8f80-8d9b883111bd,8d6e5c38-9149-5131-8f80-8d9b883111bd,2026-10-24,a1be629f-fcb0-5fe3-8d34-a45af64ba5e5,Nikita Krylov,91790c5b-3bc9-5224-bbc4-d738eb19168a,Abdul Rakhman Yakhyaev,True,True,BLOCKED,outside_14_day_window;unknown_title_status;unverified_fighter_1_experience;unverified_fighter_2_experience
warehouse:8e173dce-4c9a-519e-862b-79ce67acdf8d,8e173dce-4c9a-519e-862b-79ce67acdf8d,2026-09-05,340eb8d3-8d23-5183-afb2-4370550803f3,Oumar Sy,64c91aed-c202-5c16-8ec0-4fb3c4de543f,Modestas Bukauskas,True,True,BLOCKED,less_than_24_hours_before_utc_event_boundary;unknown_title_status;unverified_fighter_1_experience;unverified_fighter_2_experience
warehouse:8f7e24e2-a787-53ea-88f9-a95cdc6f5cfb,8f7e24e2-a787-53ea-88f9-a95cdc6f5cfb,2026-09-26,5d794318-39ab-5c52-85d5-2d5107f06920,Josiah Harrell,3d36da0f-83b2-55aa-a78b-a9478d153ef3,Elves Brener,True,True,BLOCKED,less_than_24_hours_before_utc_event_boundary;unknown_title_status;unverified_fighter_1_experience;unverified_fighter_2_experience
warehouse:94a68a73-94e4-5889-8965-efa45c4544c8,94a68a73-94e4-5889-8965-efa45c4544c8,2026-10-03,e84ae733-0e6b-594e-9064-ecbddca6d8b1,Damian Pinas,4aa7a6dd-1d3f-5141-b0ef-0823fa55f316,Andrey Pulyaev,True,True,BLOCKED,less_than_24_hours_before_utc_event_boundary;unknown_title_status;unverified_fighter_1_experience;unverified_fighter_2_experience
warehouse:94ba7a17-ad0c-5c58-b3a9-3719537c9589,94ba7a17-ad0c-5c58-b3a9-3719537c9589,2026-10-17,7ebcc5c4-bf6c-5d65-8fce-a032c3a1d135,Julien Leblanc,6a6780fb-cf85-5293-a2e9-919f6b3b8468,Gilbert Urbina,False,True,BLOCKED,unknown_title_status;unverified_fighter_1_experience;unverified_fighter_2_experience
warehouse:98009768-20cc-531b-940d-e75927dde7c7,98009768-20cc-531b-940d-e75927dde7c7,2026-10-17,32a7a9be-4e2e-51bd-a639-517cb4c65fa8,Javad Mahjoub,dc6fa7b9-6ee2-5230-a371-fcb339a7a27a,Louie Sutherland,False,True,BLOCKED,unknown_title_status;unverified_fighter_1_experience;unverified_fighter_2_experience
warehouse:990c8a2f-f577-54cf-a5e0-e58d4d517357,990c8a2f-f577-54cf-a5e0-e58d4d517357,2026-09-19,f6b19eae-21e3-59f0-9f1e-0df448448170,Michael Aswell Jr.,7d6a9615-2ecc-519a-ab44-251b8dc6d847,JooSang Yoo,True,True,BLOCKED,less_than_24_hours_before_utc_event_boundary;unknown_title_status;unverified_fighter_1_experience;unverified_fighter_2_experience
warehouse:9a7c6c84-1f6b-5ff2-aea1-abd5d3766771,9a7c6c84-1f6b-5ff2-aea1-abd5d3766771,2026-10-17,73e07249-b1bd-5add-b856-4c34cf47feec,Joaquin Buckley,b7524837-10c7-5128-a6b2-4738cc3b5a93,Mike Malott,False,True,BLOCKED,unknown_title_status;unverified_fighter_1_experience;unverified_fighter_2_experience
warehouse:9c1577d1-6233-547f-a938-a9165014bfa5,9c1577d1-6233-547f-a938-a9165014bfa5,2026-10-17,1b8d08d2-5e00-5263-b4bd-37b41ad773a7,Jamey-Lyn Horth,8c5b8a58-705e-5f94-b0c2-895d629378a9,Katlyn Cerminara,False,True,BLOCKED,unknown_title_status;unverified_fighter_1_experience;unverified_fighter_2_experience
warehouse:9d2083b0-2853-5ca6-b289-e65e4e4fa47c,9d2083b0-2853-5ca6-b289-e65e4e4fa47c,2026-08-01,711777e9-ab54-5b83-9a24-8317fd413508,Marina Spasic,6578ec94-8a24-5bdb-8060-9f780bfc4ba6,Stephanie Luciano,True,True,BLOCKED,less_than_24_hours_before_utc_event_boundary;unknown_title_status;unverified_fighter_1_experience;unverified_fighter_2_experience
warehouse:a01b704f-c26b-54b0-bc6c-68af89c315eb,a01b704f-c26b-54b0-bc6c-68af89c315eb,2026-07-18,376a38d6-f109-51c9-8178-f6abe5269171,Alden Coria,336c6337-728e-59f6-bcf2-d78ac0d98306,Stewart Nicoll,True,True,BLOCKED,alias_represented_by_canonical_bout;less_than_24_hours_before_utc_event_boundary;unknown_title_status;unverified_fighter_1_experience;unverified_fighter_2_experience
warehouse:a1fd5039-7530-5081-985d-66c689aa4311,a1fd5039-7530-5081-985d-66c689aa4311,2026-09-12,15d2cba6-9874-580a-bbda-f4225ef86948,Ignacio Bahamondes,684e54eb-6391-552a-b3b2-c011fcd5c56b,Muslim Salikhov,True,True,BLOCKED,less_than_24_hours_before_utc_event_boundary;unknown_title_status;unverified_fighter_1_experience;unverified_fighter_2_experience
warehouse:a259627a-3a95-52ec-ba76-fb1d5e5aceae,a259627a-3a95-52ec-ba76-fb1d5e5aceae,2026-07-18,a923967f-bf08-5afb-92b8-f5be780e5a27,Chase Hooper,501e8467-7ef7-5adb-b4dc-1d677862b975,Mitch Ramirez,True,True,BLOCKED,less_than_24_hours_before_utc_event_boundary;unknown_title_status;unverified_fighter_1_experience;unverified_fighter_2_experience
warehouse:a2c24d99-0499-5efe-bfb3-c0d6bdf4abf3,a2c24d99-0499-5efe-bfb3-c0d6bdf4abf3,2026-09-12,0b7da7d4-202b-5c4a-bd3c-d3c779108947,Yousri Belgaroui,06298dd2-2cb7-51bc-97fd-0780060a5d0e,Djorden Santos,True,True,BLOCKED,less_than_24_hours_before_utc_event_boundary;unknown_title_status;unverified_fighter_1_experience;unverified_fighter_2_experience
warehouse:a6dab28a-d944-5496-b13d-a76f3621e0f4,a6dab28a-d944-5496-b13d-a76f3621e0f4,2026-09-26,c1a85f84-022d-55f0-9965-a4f9b9a5e310,Montel Jackson,404bd1c9-c183-5701-87e2-a55e1d18cec8,Ricky Simon,True,True,BLOCKED,less_than_24_hours_before_utc_event_boundary;unknown_title_status;unverified_fighter_1_experience;unverified_fighter_2_experience
warehouse:a8ba8843-7caa-56c1-8991-937bbfa4ac76,a8ba8843-7caa-56c1-8991-937bbfa4ac76,2026-08-22,eb085c07-4968-59bd-b127-4a08ea3b01f4,Wes Schultz,db789b37-6242-5382-aa50-e03deed8450a,Jackson McVey,True,True,BLOCKED,less_than_24_hours_before_utc_event_boundary;unknown_title_status;unverified_fighter_1_experience;unverified_fighter_2_experience
warehouse:ad8d2846-75b9-5a2b-a4e4-b4b593e386e4,ad8d2846-75b9-5a2b-a4e4-b4b593e386e4,2026-08-01,48418d48-8e51-5df2-93fc-21bd6027db85,Dennis Buzukja,1f2ca711-b218-5d42-8abd-cd23623abf5f,Bogdan Grad,True,True,BLOCKED,alias_represented_by_canonical_bout;less_than_24_hours_before_utc_event_boundary;unknown_title_status;unverified_fighter_1_experience;unverified_fighter_2_experience
warehouse:af2f4613-5141-5eb7-8834-e7472d389806,af2f4613-5141-5eb7-8834-e7472d389806,2026-10-17,09953600-7f84-517a-97e9-b9c8652b9df9,Chad Anheliger,4802b96d-83c0-5082-9d4f-84a09f61d111,Steven Koslow,False,True,BLOCKED,unknown_title_status;unverified_fighter_1_experience;unverified_fighter_2_experience
warehouse:b0114180-efe2-5931-8cac-48055b64c162,b0114180-efe2-5931-8cac-48055b64c162,2026-10-03,41d605df-9392-5afd-8366-a8187b29444c,Anthony Wint,356a6231-36d7-5eb6-9198-c1efdf08f95b,Lucas Armand,True,True,BLOCKED,less_than_24_hours_before_utc_event_boundary;unknown_title_status;unverified_fighter_1_experience;unverified_fighter_2_experience
warehouse:b0e51f1b-1047-5332-80cf-d7bca1614a57,b0e51f1b-1047-5332-80cf-d7bca1614a57,2026-09-05,7e152e59-dc63-5a25-aab1-cd15879af1b3,Nathaniel Wood,03a42351-bbfc-59ad-9df2-bdef589765e8,Mairon Santos,True,True,BLOCKED,less_than_24_hours_before_utc_event_boundary;unknown_title_status;unverified_fighter_1_experience;unverified_fighter_2_experience
warehouse:b0ee0f84-eccc-56d7-b8a2-bacb4ca63c1f,b0ee0f84-eccc-56d7-b8a2-bacb4ca63c1f,2026-05-09,21c90e7f-1c99-5094-a0cc-e06e88093e7a,Jan Blachowicz,235616f6-1064-53a5-b1cd-1f23fd0ad3b8,Bogdan Guskov,True,True,BLOCKED,less_than_24_hours_before_utc_event_boundary;unknown_title_status;unverified_fighter_1_experience;unverified_fighter_2_experience
warehouse:b3707b19-f5db-5498-af6e-d5942fbff04b,b3707b19-f5db-5498-af6e-d5942fbff04b,2026-07-18,f3d9690c-1d15-53e8-a000-7fbe2e2237c0,RJ Harris,2fa5b427-3356-54cc-afcb-c6e7adf36dd1,Alvin Hines,True,True,BLOCKED,less_than_24_hours_before_utc_event_boundary;unknown_title_status;unverified_fighter_1_experience;unverified_fighter_2_experience
warehouse:b3ac2da0-bfc9-56b9-a033-619f7ca100bf,b3ac2da0-bfc9-56b9-a033-619f7ca100bf,2026-10-03,31c4500d-57d6-59cd-8dce-165c2eadd098,Ateba Gautier,e2942548-1874-5c9c-a8c1-adfb929b8297,Roman Kopylov,True,True,BLOCKED,less_than_24_hours_before_utc_event_boundary;unknown_title_status;unverified_fighter_1_experience;unverified_fighter_2_experience
warehouse:b45d0b12-0a7c-5cf1-93d8-92928cbdb3d5,b45d0b12-0a7c-5cf1-93d8-92928cbdb3d5,2026-09-26,f7aa7c5f-5cbf-5e88-a868-383272563b67,Rodolfo Vieira,bda229e2-f297-5a75-8aff-247eec83f9c9,Robert Bryczek,True,True,BLOCKED,less_than_24_hours_before_utc_event_boundary;unknown_title_status;unverified_fighter_1_experience;unverified_fighter_2_experience
warehouse:b802f05f-fffe-4ab6-a344-cec9afbbecb8,b802f05f-fffe-4ab6-a344-cec9afbbecb8,2026-03-30,b1e4c3c4-c91e-5725-b8b4-ccfd88e6d756,Jim Miller,0674c0e0-615e-52bc-b810-df9dcb16a305,Andrei Arlovski,True,True,BLOCKED,less_than_24_hours_before_utc_event_boundary;unknown_title_status;unverified_fighter_1_experience;unverified_fighter_2_experience
warehouse:bafc9895-d371-58b5-b294-a53219377532,bafc9895-d371-58b5-b294-a53219377532,2026-07-18,13684422-294f-5d77-ada4-0c6f3e730fac,Anna Melisano,b0714561-c024-5d55-a2ff-28c3e6a9de8f,Dione Barbosa,True,True,BLOCKED,less_than_24_hours_before_utc_event_boundary;unknown_title_status;unverified_fighter_1_experience;unverified_fighter_2_experience
warehouse:bc12d452-d2e8-5cd3-81b9-cb0ca740422e,bc12d452-d2e8-5cd3-81b9-cb0ca740422e,2026-09-12,0b5c07a8-ab60-5218-aacf-fbb37163f327,Waldo Cortes Acosta,66fbaec8-c89d-58d2-b25d-80c260a19b6d,Curtis Blaydes,True,True,BLOCKED,less_than_24_hours_before_utc_event_boundary;unknown_title_status;unverified_fighter_1_experience;unverified_fighter_2_experience
warehouse:bdcfbc15-41b5-5b6a-bafb-628d713baefe,bdcfbc15-41b5-5b6a-bafb-628d713baefe,2026-09-19,b735d62f-632b-5477-9309-dce620d3f818,Tai Tuivasa,586e5afc-c643-56d8-8611-32a70039c5be,Robelis Despaigne,True,True,BLOCKED,less_than_24_hours_before_utc_event_boundary;unknown_title_status;unverified_fighter_1_experience;unverified_fighter_2_experience
warehouse:c0640044-5ea1-5ad9-82ce-5dbbc690afec,c0640044-5ea1-5ad9-82ce-5dbbc690afec,2026-06-06,30b6d54a-da31-5d2c-b6e4-318ece40f46c,Bryce Mitchell,36bd46ca-beaa-55bb-8283-bcff3ace566d,Victor Henry,True,True,BLOCKED,less_than_24_hours_before_utc_event_boundary;unknown_title_status;unverified_fighter_1_experience;unverified_fighter_2_experience
warehouse:c51bc854-f7b8-59cf-80e5-3c332126916f,c51bc854-f7b8-59cf-80e5-3c332126916f,2026-08-01,f5513355-0d0c-55e0-baf3-e1e4cff286f6,Jovan Leka,55382684-28ee-514f-a311-a7141c91b4c0,Alexander Poppeck,True,True,BLOCKED,less_than_24_hours_before_utc_event_boundary;unknown_title_status;unverified_fighter_1_experience;unverified_fighter_2_experience
warehouse:c55c2b7b-5373-537a-acaa-106fe1dc9003,c55c2b7b-5373-537a-acaa-106fe1dc9003,2026-10-03,6b9eab40-37ab-5d89-9a51-dcce3fa41358,Jacobe Smith,a0fdb396-efcd-5ec8-92dc-32422e81bc23,Bruce Whitehead,True,True,BLOCKED,less_than_24_hours_before_utc_event_boundary;unknown_title_status;unverified_fighter_1_experience;unverified_fighter_2_experience
warehouse:c888bed7-46b6-5e8a-b967-c3a76f2abbd9,c888bed7-46b6-5e8a-b967-c3a76f2abbd9,2026-10-17,77a23ddb-a261-5520-b7eb-bec78de3345c,Mandel Nallo,bf1be4d0-70da-51f4-b682-315031f98d73,Nate Landwehr,False,True,BLOCKED,unknown_title_status;unverified_fighter_1_experience;unverified_fighter_2_experience
warehouse:c9d171a6-7016-52cb-9b91-8d9a571f407e,c9d171a6-7016-52cb-9b91-8d9a571f407e,2026-09-19,217e3f5d-dc9c-529e-981a-dbba88404d09,Alonzo Menifield,6e74531e-878c-59c8-bb0e-63201254ee41,Iwo Baraniewski,True,True,BLOCKED,less_than_24_hours_before_utc_event_boundary;unknown_title_status;unverified_fighter_1_experience;unverified_fighter_2_experience
warehouse:cb068038-173a-5bfe-9b36-6cf6f2e56cda,cb068038-173a-5bfe-9b36-6cf6f2e56cda,2026-09-19,6c80aabe-5671-5caf-a5e4-bd0f0dbf1448,Gable Steveson,f9516c93-bcbb-5518-a172-f9206d2b0a87,Sean Sharaf,True,True,BLOCKED,less_than_24_hours_before_utc_event_boundary;unknown_title_status;unverified_fighter_1_experience;unverified_fighter_2_experience
warehouse:cc88d51e-6818-5219-89a8-adcca1eccf4d,cc88d51e-6818-5219-89a8-adcca1eccf4d,2026-08-22,c160c632-b49e-58f8-9671-94839631abb0,Gauge Young,7a343523-cc85-5054-b924-3c49120e4861,Stan Dorsainvil,True,True,BLOCKED,less_than_24_hours_before_utc_event_boundary;unknown_title_status;unverified_fighter_1_experience;unverified_fighter_2_experience
warehouse:cca87786-535d-5b05-b00a-76e990ed95cc,cca87786-535d-5b05-b00a-76e990ed95cc,2026-05-30,860190f9-a32a-5e2f-bdd2-0949f97a7ee7,Zhu Kangjie,b267195b-4dd2-5d1c-b6fa-e095bd8749cf,Ramon Taveras,True,True,BLOCKED,less_than_24_hours_before_utc_event_boundary;unknown_title_status;unverified_fighter_1_experience;unverified_fighter_2_experience
warehouse:ce8015a7-1253-5de4-89fd-9e445ec35c02,ce8015a7-1253-5de4-89fd-9e445ec35c02,2026-07-18,4fad8815-4d86-5674-92ca-73722fd7a8ee,RJ Harris,2fa5b427-3356-54cc-afcb-c6e7adf36dd1,Alvin Hines,True,True,BLOCKED,less_than_24_hours_before_utc_event_boundary;unknown_title_status;unverified_fighter_1_experience;unverified_fighter_2_experience
warehouse:d015b2b0-db52-51fe-b0e8-d0dd8169f8d0,d015b2b0-db52-51fe-b0e8-d0dd8169f8d0,2026-10-24,e2805d4e-34b4-519e-9cc2-025a836fb1ce,Dominick Reyes,a5b4d788-0e80-579f-b675-f34b767fd8e5,Azamat Murzakanov,True,True,BLOCKED,outside_14_day_window;unknown_title_status;unverified_fighter_1_experience;unverified_fighter_2_experience
warehouse:d16ce11f-f1eb-5eee-aefa-304e9ce176d3,d16ce11f-f1eb-5eee-aefa-304e9ce176d3,2026-07-18,3e69aa8b-850c-513b-b346-339b08bf9d62,Tommy McMillen,c1310bc4-1ae3-5907-81ce-a170f05c9f38,Alberto Montes,True,True,BLOCKED,alias_represented_by_canonical_bout;less_than_24_hours_before_utc_event_boundary;unknown_title_status;unverified_fighter_1_experience;unverified_fighter_2_experience
warehouse:d2315b90-4f6f-54f4-86d1-bf30ff0c37c8,d2315b90-4f6f-54f4-86d1-bf30ff0c37c8,2026-07-18,50234fc0-4c1b-5484-b39f-be5054d5b544,Anna Melisano,b0714561-c024-5d55-a2ff-28c3e6a9de8f,Dione Barbosa,True,True,BLOCKED,less_than_24_hours_before_utc_event_boundary;unknown_title_status;unverified_fighter_1_experience;unverified_fighter_2_experience
warehouse:d2efac10-b2a9-50ac-9944-d6422d4b2048,d2efac10-b2a9-50ac-9944-d6422d4b2048,2026-08-01,adae4f49-d33d-5646-aeea-58047b752a50,Vlasto Cepo,6a6780fb-cf85-5293-a2e9-919f6b3b8468,Gilbert Urbina,True,True,BLOCKED,less_than_24_hours_before_utc_event_boundary;unknown_title_status;unverified_fighter_1_experience;unverified_fighter_2_experience
warehouse:d45f02fa-7f42-573d-9da8-0e0af095f5ce,d45f02fa-7f42-573d-9da8-0e0af095f5ce,2026-09-12,3aa46e8d-01e9-5328-b829-55ba65145d50,Manon Fiorot,67dc21f8-5dbe-5977-a273-697ae70161f1,Alexa Grasso,True,True,BLOCKED,less_than_24_hours_before_utc_event_boundary;unknown_title_status;unverified_fighter_1_experience;unverified_fighter_2_experience
warehouse:d5940e52-62e0-57d0-bcc4-d331181ed4c4,d5940e52-62e0-57d0-bcc4-d331181ed4c4,2026-07-11,1e29c3ed-34a3-5085-a5ac-857663042855,Ode Osbourne,20f62d5d-9c30-5d81-8948-d7a50b875cc5,Cody Durden,True,True,BLOCKED,less_than_24_hours_before_utc_event_boundary;unknown_title_status;unverified_fighter_1_experience;unverified_fighter_2_experience
warehouse:d7d7481d-4092-5aec-a683-0a55f52291e6,d7d7481d-4092-5aec-a683-0a55f52291e6,2026-08-01,d77d36f0-fa2c-5a67-a893-b3eed3307360,Milos Janicic,3364a6df-df7d-578c-abe8-bb6e14979c95,Noah Gugnon,True,True,BLOCKED,less_than_24_hours_before_utc_event_boundary;unknown_title_status;unverified_fighter_1_experience;unverified_fighter_2_experience
warehouse:d893673f-0888-5bfc-a58d-9fcae6706b48,d893673f-0888-5bfc-a58d-9fcae6706b48,2026-09-26,bf5230ec-a010-55cc-b4ec-6328d324c47e,Vanessa Demopoulos,d6cd4188-61c6-50a8-8c80-87314bc273cc,Yazmin Jauregui,True,True,BLOCKED,less_than_24_hours_before_utc_event_boundary;unknown_title_status;unverified_fighter_1_experience;unverified_fighter_2_experience
warehouse:dc3dbfcd-1cd2-5c01-ba42-5826aa1a49a6,dc3dbfcd-1cd2-5c01-ba42-5826aa1a49a6,2026-08-01,21c90e7f-1c99-5094-a0cc-e06e88093e7a,Jan Blachowicz,0e6bdbf7-b388-5612-a7b3-f1da80a47c28,Navajo Stirling,True,True,BLOCKED,alias_represented_by_canonical_bout;less_than_24_hours_before_utc_event_boundary;unknown_title_status;unverified_fighter_1_experience;unverified_fighter_2_experience
warehouse:dcc07282-f17a-5432-a05c-468cdadcd0e2,dcc07282-f17a-5432-a05c-468cdadcd0e2,2026-09-26,95b033ad-81d2-50cc-85b8-e5578ebbe95d,Brady Hiestand,6be66965-650b-5a2d-b61d-facdb1c0099e,Rinya Nakamura,True,True,BLOCKED,less_than_24_hours_before_utc_event_boundary;unknown_title_status;unverified_fighter_1_experience;unverified_fighter_2_experience
warehouse:df4d8d52-7d3e-5bab-a462-e68dfb4824ea,df4d8d52-7d3e-5bab-a462-e68dfb4824ea,2026-10-17,4a23ffc2-f990-5f4d-a638-82d0f58397c1,Marc-Andre Barriault,837c3440-99f8-51be-b164-d759796bf644,Kyle Daukaus,False,True,BLOCKED,unknown_title_status;unverified_fighter_1_experience;unverified_fighter_2_experience
warehouse:df9e4021-0d72-56ad-9519-6ee54d9bfd67,df9e4021-0d72-56ad-9519-6ee54d9bfd67,2026-09-19,4f26f048-3410-5414-b08a-bce22b354040,Ryan Gandra,8c7cebbc-c0d5-51ce-9b9e-81f0abcbe491,Ozzy Diaz,True,True,BLOCKED,less_than_24_hours_before_utc_event_boundary;unknown_title_status;unverified_fighter_1_experience;unverified_fighter_2_experience
warehouse:e00625f4-ad7b-50e8-baac-7af1bc43157b,e00625f4-ad7b-50e8-baac-7af1bc43157b,2026-08-22,ceffeffd-40ed-5ba8-9ba2-28c1f982e5f0,Serghei Spivac,92fa95cc-048b-5d21-89c6-044c92562649,Vitor Petrino,True,True,BLOCKED,less_than_24_hours_before_utc_event_boundary;unknown_title_status;unverified_fighter_1_experience;unverified_fighter_2_experience
warehouse:e439fb69-cd79-5705-842a-4f98ddbf492a,e439fb69-cd79-5705-842a-4f98ddbf492a,2026-07-18,7ff2b749-70a8-553c-a590-ce4daf8b47d7,Dricus Du Plessis,d688d65d-4c13-5528-bbb4-99abc7f42d04,Kamaru Usman,True,True,BLOCKED,less_than_24_hours_before_utc_event_boundary;unknown_title_status;unverified_fighter_1_experience;unverified_fighter_2_experience
warehouse:e45165aa-fe35-5bd6-a03a-906b5757d5c6,e45165aa-fe35-5bd6-a03a-906b5757d5c6,2026-04-25,470eb7aa-bd14-5599-9c7c-231141b7bf57,Jafel Filho,92da1345-9829-5c48-a15b-d6f7f63a3d81,Lucas Rocha,True,True,BLOCKED,less_than_24_hours_before_utc_event_boundary;unknown_title_status;unverified_fighter_1_experience;unverified_fighter_2_experience
warehouse:e50bde08-61d7-5718-9a69-39e673ffa10a,e50bde08-61d7-5718-9a69-39e673ffa10a,2026-05-16,64c91aed-c202-5c16-8ec0-4fb3c4de543f,Modestas Bukauskas,34b4d1c0-7797-5c0b-a508-c6958126da31,Rodolfo Bellato,True,True,BLOCKED,less_than_24_hours_before_utc_event_boundary;unknown_title_status;unverified_fighter_1_experience;unverified_fighter_2_experience
warehouse:e5a97d90-f2f8-5eab-9d17-f8a8d904626f,e5a97d90-f2f8-5eab-9d17-f8a8d904626f,2026-10-03,2d954a60-721a-510f-892c-3d3df4e6a342,Marcus McGhee,cd241225-73c0-5c28-85fc-48303ddd04d4,Benardo Sopaj,True,True,BLOCKED,less_than_24_hours_before_utc_event_boundary;unknown_title_status;unverified_fighter_1_experience;unverified_fighter_2_experience
warehouse:e5b0ebf7-a224-53a5-a451-0953ea57f96d,e5b0ebf7-a224-53a5-a451-0953ea57f96d,2026-08-01,680c6646-5974-5a8b-a58c-cccb112a6397,Marina Spasic,6578ec94-8a24-5bdb-8060-9f780bfc4ba6,Stephanie Luciano,True,True,BLOCKED,less_than_24_hours_before_utc_event_boundary;unknown_title_status;unverified_fighter_1_experience;unverified_fighter_2_experience
warehouse:e871e0b6-3a81-561d-bad4-bee64c4f87d4,e871e0b6-3a81-561d-bad4-bee64c4f87d4,2026-08-22,4beefb63-0564-5199-8b9c-d63415f1ec7c,Jamall Emmers,b69f524f-5575-5b30-8794-1d805f6b283a,Lerryan Douglas,True,True,BLOCKED,less_than_24_hours_before_utc_event_boundary;unknown_title_status;unverified_fighter_1_experience;unverified_fighter_2_experience
warehouse:ebcf9bf1-da8e-59eb-8ba0-476d4b50432a,ebcf9bf1-da8e-59eb-8ba0-476d4b50432a,2026-06-06,3030a101-167b-59f7-bb5a-580335e2f5e0,Imanol Rodriguez,6c157abd-68fd-51fc-b606-47ad2d34d8ec,Matt Schnell,True,True,BLOCKED,less_than_24_hours_before_utc_event_boundary;unknown_title_status;unverified_fighter_1_experience;unverified_fighter_2_experience
warehouse:eeab38f6-78d1-5d04-b171-3d365412cc36,eeab38f6-78d1-5d04-b171-3d365412cc36,2026-09-19,935ef993-3fce-585f-a3ec-0a8f1426a004,Edmen Shahbazyan,472a8a56-68fa-5e9d-8924-bf7780d9e407,Brunno Ferreira,True,True,BLOCKED,less_than_24_hours_before_utc_event_boundary;unknown_title_status;unverified_fighter_1_experience;unverified_fighter_2_experience
warehouse:ef2d6f88-48f2-5ade-b725-e9a3197f3a7a,ef2d6f88-48f2-5ade-b725-e9a3197f3a7a,2026-08-01,0c55337c-f482-5155-954d-56aef3cf9606,Milos Janicic,14c9356b-9811-5a76-b791-2e2bb62bcafb,Noah Gugnon,True,True,BLOCKED,less_than_24_hours_before_utc_event_boundary;unknown_title_status;unverified_fighter_1_experience;unverified_fighter_2_experience
warehouse:f0d8d2d8-a070-564d-8f9a-a30f34b53101,f0d8d2d8-a070-564d-8f9a-a30f34b53101,2026-09-05,8f376dcf-34a9-5d3a-97fd-6fcf5cbbb442,Nora Cornolle,59e2f808-b73e-5c33-b845-8a3acc52c897,Klaudia Sygula,True,True,BLOCKED,less_than_24_hours_before_utc_event_boundary;unknown_title_status;unverified_fighter_1_experience;unverified_fighter_2_experience
warehouse:f2740e77-7251-5467-a4af-a0c879e86194,f2740e77-7251-5467-a4af-a0c879e86194,2026-10-03,3030a101-167b-59f7-bb5a-580335e2f5e0,Imanol Rodriguez,376a38d6-f109-51c9-8178-f6abe5269171,Alden Coria,True,True,BLOCKED,less_than_24_hours_before_utc_event_boundary;unknown_title_status;unverified_fighter_1_experience;unverified_fighter_2_experience
warehouse:f2783f53-9556-5653-9815-c15e8614412c,f2783f53-9556-5653-9815-c15e8614412c,2026-07-18,3e69aa8b-850c-513b-b346-339b08bf9d62,Tommy McMillen,c1310bc4-1ae3-5907-81ce-a170f05c9f38,Alberto Montes,True,True,BLOCKED,less_than_24_hours_before_utc_event_boundary;unknown_title_status;unverified_fighter_1_experience;unverified_fighter_2_experience
warehouse:f39b18a2-2f7f-591e-a1e5-9d8afdfa2a2c,f39b18a2-2f7f-591e-a1e5-9d8afdfa2a2c,2026-10-31,7e883287-01fd-5f34-b6f7-5fee0ab019e8,Lucia Szabova,cb72d261-8fdf-5ceb-8061-38d3734c6c11,Tainara Lisboa,True,True,BLOCKED,outside_14_day_window;unknown_title_status;unverified_fighter_1_experience;unverified_fighter_2_experience
warehouse:f467a342-40c3-5abd-902c-cdda666a883c,f467a342-40c3-5abd-902c-cdda666a883c,2026-08-22,407912df-949c-53f4-a8fd-1b46d7bc5a73,Anthony Hernandez,82cb2606-330f-554d-b0c7-ee2f024bc5d8,Gregory Rodrigues,True,True,BLOCKED,less_than_24_hours_before_utc_event_boundary;unknown_title_status;unverified_fighter_1_experience;unverified_fighter_2_experience
warehouse:f4a4a051-0eac-5db3-9f8d-f67a5dbc1c75,f4a4a051-0eac-5db3-9f8d-f67a5dbc1c75,2026-06-06,6e74531e-878c-59c8-bb0e-63201254ee41,Iwo Baraniewski,312b2727-3f2d-5dcf-aa48-48b6ff869071,Billy Elekana,True,True,BLOCKED,less_than_24_hours_before_utc_event_boundary;unknown_title_status;unverified_fighter_1_experience;unverified_fighter_2_experience
warehouse:f78ba6f7-05b1-5f19-a20c-721df9a9da88,f78ba6f7-05b1-5f19-a20c-721df9a9da88,2026-07-18,49a80342-a0f3-5c5d-a6a8-f34ca631751a,Austin Bashi,f5a51485-7b95-5f9b-b749-94ef8ec2b06e,Jose Miguel Delgado,True,True,BLOCKED,less_than_24_hours_before_utc_event_boundary;unknown_title_status;unverified_fighter_1_experience;unverified_fighter_2_experience
warehouse:f7ea20a5-40fe-5def-a14b-e5c0dccd90af,f7ea20a5-40fe-5def-a14b-e5c0dccd90af,2026-04-11,26ad9944-0194-5ba9-8744-2471ff01e799,Joshua Van,f432eb2c-78c6-5dd2-a470-b5247c052171,Tatsuro Taira,True,True,BLOCKED,less_than_24_hours_before_utc_event_boundary;unknown_title_status;unverified_fighter_1_experience;unverified_fighter_2_experience
warehouse:f990b2fc-c164-5c8d-a102-df3e570840b3,f990b2fc-c164-5c8d-a102-df3e570840b3,2026-10-17,d15258cb-d0f4-5a5e-a300-50ec5eda186b,Erin Blanchfield,c668535b-98fb-5125-846f-28e4946ed837,Jasmine Jasudavicius,False,True,BLOCKED,unknown_title_status;unverified_fighter_1_experience;unverified_fighter_2_experience
warehouse:f9c5ed5b-7d24-5feb-bcca-a31261f8adec,f9c5ed5b-7d24-5feb-bcca-a31261f8adec,2026-09-26,6d0eb73f-ebaa-58c0-afd5-39c22957a36f,John Castaneda,c537a0db-b24e-549e-b3c8-7026eb0cf95b,Alatengheili,True,True,BLOCKED,less_than_24_hours_before_utc_event_boundary;unknown_title_status;unverified_fighter_1_experience;unverified_fighter_2_experience
warehouse:fa2eb031-73c9-5807-9b6e-51c8f55cfba6,fa2eb031-73c9-5807-9b6e-51c8f55cfba6,2026-08-22,6337ccd2-4592-5b50-80b4-049e185bb5ab,Shanelle Dyer,d9a90c79-4d36-5bc3-962b-c7ea1fe273fb,Elise Reed,True,True,BLOCKED,less_than_24_hours_before_utc_event_boundary;unknown_title_status;unverified_fighter_1_experience;unverified_fighter_2_experience
warehouse:fe58b793-497d-5a50-b75d-9299ced8bc86,fe58b793-497d-5a50-b75d-9299ced8bc86,2026-09-05,0aa7006c-e259-5980-a172-346522daa172,Mario Pinto,b67acbfd-3623-5bda-9c68-4209b335cb73,Ryan Spann,True,True,BLOCKED,less_than_24_hours_before_utc_event_boundary;unknown_title_status;unverified_fighter_1_experience;unverified_fighter_2_experience
warehouse:fece261a-3217-5d28-bdfe-b7aee132dbdc,fece261a-3217-5d28-bdfe-b7aee132dbdc,2026-08-01,c072a1c8-ad9e-5365-9aaf-daf6dbb24b23,Borislav Nikolic,7f39e479-ed06-5ae8-ba13-9fac7ba21d6d,Mark Vologdin,True,True,BLOCKED,less_than_24_hours_before_utc_event_boundary;unknown_title_status;unverified_fighter_1_experience;unverified_fighter_2_experience
warehouse:ff2f8419-ef0c-51d0-92a5-e2ec152290b3,ff2f8419-ef0c-51d0-92a5-e2ec152290b3,2026-07-18,80eb392c-e0b6-586c-8906-f062ec14278e,Ezra Elliott,a82df30d-e5b5-5504-b85c-a568df3eea43,Damien Anderson,True,True,BLOCKED,less_than_24_hours_before_utc_event_boundary;unknown_title_status;unverified_fighter_1_experience;unverified_fighter_2_experience
warehouse:ff6ebdd1-10be-5860-b350-185f3beec00b,ff6ebdd1-10be-5860-b350-185f3beec00b,2026-04-18,461e51fc-31ea-58aa-a23c-69897cc332f7,DongHun Choi,1a5cebbb-1840-5d66-8c6b-d6c6e60615c4,Andre Lima,True,True,BLOCKED,less_than_24_hours_before_utc_event_boundary;unknown_title_status;unverified_fighter_1_experience;unverified_fighter_2_experience
