scraped_at,fight_stat_by_round_id,fight_id,fighter_id,round,total_strikes_landed,total_strikes_attempted,significant_strikes_landed,significant_strikes_attempted,significant_strikes_landed_head,significant_strikes_attempted_head,significant_strikes_landed_body,significant_strikes_attempted_body,significant_strikes_landed_leg,significant_strikes_attempted_leg,significant_strikes_landed_distance,significant_strikes_attempted_distance,significant_strikes_landed_clinch,significant_strikes_attempted_clinch,significant_strikes_landed_ground,significant_strikes_attempted_ground,knockdowns,takedowns_landed,takedowns_attempted,control_time_minutes,control_time_seconds,submissions_attempted,reversals
2026-03-12 15:48:51 UTC,ded192f3-738e-50e6-a397-112e851db9ad,5a5d2a2b-2ca7-5158-8d11-3aa65bcc6efd,e84ae733-0e6b-594e-9064-ecbddca6d8b1,1,22,30,15,23,9,16,2,3,4,4,8,13,1,1,6,9,2,0,0,0,49,0,0
2026-03-12 15:48:51 UTC,fb901e61-2e6a-53f2-9907-b951bdc9fa37,5a5d2a2b-2ca7-5158-8d11-3aa65bcc6efd,eb085c07-4968-59bd-b127-4a08ea3b01f4,1,5,16,3,13,0,6,2,5,1,2,3,12,0,1,0,0,0,0,6,0,28,0,0
2026-03-12 15:48:52 UTC,060831bc-b5b0-55a6-be17-d3de8ef3b51d,8c2f71c0-d601-5f8f-8be5-f381955fab21,4fd2c90f-6f25-56e8-8b12-3f256fc3be5a,1,5,9,5,9,2,6,1,1,2,2,5,9,0,0,0,0,0,0,0,0,0,0,0
2026-03-12 15:48:52 UTC,14e68f0c-945b-5c57-b99c-6b1c74b24282,8c2f71c0-d601-5f8f-8be5-f381955fab21,21026cf2-ddd6-5cb5-879d-51ac8379467b,1,10,13,3,5,0,2,0,0,3,3,3,5,0,0,0,0,0,1,2,1,42,1,0
2026-03-12 15:48:54 UTC,2b8692f2-46f4-5bbe-8613-acb57ea52dd5,522f7eec-78d6-537b-96eb-f1e08bfc5964,a3157006-442a-5f99-89f2-9249b34fe7b9,1,39,81,37,79,26,63,9,12,2,4,35,75,2,4,0,0,0,0,0,0,0,0,0
2026-03-12 15:48:54 UTC,f4076ee1-1474-502c-9da7-9b8278f0a8d2,522f7eec-78d6-537b-96eb-f1e08bfc5964,a3157006-442a-5f99-89f2-9249b34fe7b9,2,35,72,31,68,20,52,10,15,1,1,26,63,5,5,0,0,0,0,0,0,14,0,0
2026-03-12 15:48:54 UTC,9a5a7d2c-e820-50cd-ba8e-4da101f8be51,522f7eec-78d6-537b-96eb-f1e08bfc5964,a3157006-442a-5f99-89f2-9249b34fe7b9,3,51,97,46,92,30,70,15,21,1,1,30,71,16,21,0,0,0,1,3,0,48,0,0
2026-03-12 15:48:54 UTC,2bc7b1a9-aa1b-507c-b5d3-faa2ecf1e36a,522f7eec-78d6-537b-96eb-f1e08bfc5964,ab88b16e-a844-51a1-ae25-9a42ae4ff3f8,1,39,90,33,82,26,70,5,9,2,3,29,78,4,4,0,0,0,0,0,0,21,0,0
2026-03-12 15:48:54 UTC,9088373f-3662-55fa-ae53-cc6d1b8f97e0,522f7eec-78d6-537b-96eb-f1e08bfc5964,ab88b16e-a844-51a1-ae25-9a42ae4ff3f8,2,36,75,32,70,22,58,9,11,1,1,30,67,2,3,0,0,0,1,2,0,43,0,0
2026-03-12 15:48:54 UTC,77177e9b-c1eb-5d82-ad45-e0a63e731737,522f7eec-78d6-537b-96eb-f1e08bfc5964,ab88b16e-a844-51a1-ae25-9a42ae4ff3f8,3,52,114,40,97,31,84,6,10,3,3,29,80,11,17,0,0,0,0,0,0,13,0,0
2026-03-12 15:48:55 UTC,b4ec36f2-55cd-5843-9b69-fd324b345a88,bafcc312-8ee0-5488-965d-5572ab5f7f03,0efa87cf-7b56-5a3f-8ace-1155ed48f3a3,1,19,29,17,27,8,15,2,4,7,8,17,26,0,1,0,0,0,0,0,0,4,0,0
2026-03-12 15:48:55 UTC,c204ab9f-65c2-5566-b005-f8f7e78bfe4a,bafcc312-8ee0-5488-965d-5572ab5f7f03,3116c028-8ad0-5ec2-a1db-831d935cc221,1,87,125,46,75,42,69,4,5,0,1,9,32,0,0,37,43,1,1,2,1,57,0,0
2026-03-12 15:48:58 UTC,ee308aa3-38b4-5753-9b7c-03143db63e33,fcb6cd62-59b8-52d8-8c7e-ed34e4bfca80,daf18d1a-bff3-557a-9c25-8619ed0d066e,1,24,40,23,37,20,30,3,7,0,0,23,37,0,0,0,0,0,2,3,1,1,0,0
2026-03-12 15:48:58 UTC,6760d64d-37bc-5b67-8e13-277e292428f0,fcb6cd62-59b8-52d8-8c7e-ed34e4bfca80,daf18d1a-bff3-557a-9c25-8619ed0d066e,2,20,23,8,11,7,10,1,1,0,0,8,11,0,0,0,0,0,4,5,4,5,2,0
2026-03-12 15:48:58 UTC,3481ac78-4da1-5af2-bd74-bd064612e62b,fcb6cd62-59b8-52d8-8c7e-ed34e4bfca80,daf18d1a-bff3-557a-9c25-8619ed0d066e,3,10,17,7,13,7,13,0,0,0,0,4,10,0,0,3,3,0,1,2,2,0,0,0
2026-03-12 15:48:58 UTC,def93507-95d0-5122-8b12-a2f7630ce0b3,fcb6cd62-59b8-52d8-8c7e-ed34e4bfca80,d067cee2-a1fb-5cf2-b61e-5ad138e0f0cc,1,16,39,16,39,6,27,3,4,7,8,16,39,0,0,0,0,0,0,0,0,0,0,0
2026-03-12 15:48:58 UTC,9420c6c4-758b-5dd5-abac-d3f771b73d54,fcb6cd62-59b8-52d8-8c7e-ed34e4bfca80,d067cee2-a1fb-5cf2-b61e-5ad138e0f0cc,2,7,14,7,14,3,7,3,6,1,1,7,14,0,0,0,0,0,0,1,0,8,0,0
2026-03-12 15:48:58 UTC,6568d380-e8fb-5c4c-8ba6-067d046cd852,fcb6cd62-59b8-52d8-8c7e-ed34e4bfca80,d067cee2-a1fb-5cf2-b61e-5ad138e0f0cc,3,9,22,5,18,4,17,1,1,0,0,5,18,0,0,0,0,0,0,1,0,23,0,0
2026-03-12 15:48:58 UTC,12e68b39-9c6a-51b4-9a7b-b2103ff31c24,d80d8b32-9569-5d61-a8a0-e50f859c41a8,5fed9ca6-a095-5403-a819-b984a11460c1,1,10,11,6,7,4,5,0,0,2,2,1,1,1,1,4,5,0,2,2,1,19,0,0
2026-03-12 15:48:58 UTC,ceb52f1c-eb2f-538d-a7fa-9be7cc44285b,d80d8b32-9569-5d61-a8a0-e50f859c41a8,5fed9ca6-a095-5403-a819-b984a11460c1,2,25,35,13,20,4,7,7,10,2,3,6,11,6,8,1,1,0,3,5,1,56,0,0
2026-03-12 15:48:58 UTC,9f5bb5f1-1d7a-5f29-8ccf-dfb550d8f822,d80d8b32-9569-5d61-a8a0-e50f859c41a8,5fed9ca6-a095-5403-a819-b984a11460c1,3,33,37,8,11,6,7,2,3,0,1,1,3,3,4,4,4,0,1,3,4,21,0,0
2026-03-12 15:48:58 UTC,e35aaf06-1533-50a8-bc16-6a3d73bd3cae,d80d8b32-9569-5d61-a8a0-e50f859c41a8,3d9328ba-d1c6-5aea-93f8-fedb15bd22e9,1,24,41,4,5,4,5,0,0,0,0,0,1,0,0,4,4,0,0,0,2,48,0,2
2026-03-12 15:48:58 UTC,c96cc3ac-f7c7-5fde-b188-56b540794489,d80d8b32-9569-5d61-a8a0-e50f859c41a8,3d9328ba-d1c6-5aea-93f8-fedb15bd22e9,2,13,28,1,14,0,10,1,4,0,0,0,13,1,1,0,0,0,0,2,0,53,0,0
2026-03-12 15:48:58 UTC,e9ff8dad-1160-5c7c-a112-3f06e277a1a6,d80d8b32-9569-5d61-a8a0-e50f859c41a8,3d9328ba-d1c6-5aea-93f8-fedb15bd22e9,3,4,5,3,4,0,1,3,3,0,0,1,2,2,2,0,0,0,0,0,0,10,0,0
2026-03-12 15:49:00 UTC,764d71fc-5f06-567b-b976-86c2b89e0e3c,965c7348-e062-55c1-ba43-f73fa9f436ff,4f26f048-3410-5414-b08a-bce22b354040,1,14,29,14,29,14,27,0,2,0,0,13,28,0,0,1,1,1,0,0,0,0,0,0
2026-03-12 15:49:00 UTC,cfd7d467-2f31-5124-90a6-66ffe5269d99,965c7348-e062-55c1-ba43-f73fa9f436ff,db80bfda-b551-5c1c-9ee9-61e25ace1ffd,1,0,3,0,3,0,2,0,1,0,0,0,3,0,0,0,0,0,0,0,0,0,0,0
2026-03-12 15:49:02 UTC,095530a6-946d-552a-a53b-328d0c113bb6,7d794d6e-0699-52f3-ba74-64908bc96a13,efa4c5c7-2033-5ef8-a6c0-fb7d7a02e5d6,1,31,61,26,56,15,34,9,20,2,2,16,42,9,13,1,1,0,2,2,0,50,0,0
2026-03-12 15:49:02 UTC,77c815a3-97cc-5f53-8231-9e1887af165b,7d794d6e-0699-52f3-ba74-64908bc96a13,efa4c5c7-2033-5ef8-a6c0-fb7d7a02e5d6,2,63,103,56,92,44,77,11,14,1,1,46,79,6,9,4,4,0,2,2,1,31,0,0
2026-03-12 15:49:02 UTC,95e4ac7c-4534-5672-9e70-cd0dde3f24a0,7d794d6e-0699-52f3-ba74-64908bc96a13,efa4c5c7-2033-5ef8-a6c0-fb7d7a02e5d6,3,61,93,49,79,38,65,10,13,1,1,40,69,9,10,0,0,0,1,1,1,2,1,0
2026-03-12 15:49:02 UTC,10ea05b9-88a1-5d5c-ac8a-54fc40ba8ca5,7d794d6e-0699-52f3-ba74-64908bc96a13,3421e62f-2638-5fc5-b9f3-71b5d47c101b,1,26,75,25,74,20,68,3,4,2,2,24,72,1,2,0,0,0,0,0,0,0,0,0
2026-03-12 15:49:02 UTC,ab1421fb-e51b-5b59-a895-51abb8cc0e94,7d794d6e-0699-52f3-ba74-64908bc96a13,3421e62f-2638-5fc5-b9f3-71b5d47c101b,2,23,77,14,68,7,59,7,9,0,0,12,65,2,3,0,0,0,0,0,0,0,0,0
2026-03-12 15:49:02 UTC,d88c4b05-58db-5259-bcf9-7e223c24bf94,7d794d6e-0699-52f3-ba74-64908bc96a13,3421e62f-2638-5fc5-b9f3-71b5d47c101b,3,28,86,17,74,14,68,3,6,0,0,16,73,1,1,0,0,0,1,1,0,43,0,0
2026-03-12 15:49:04 UTC,e38de4fa-8672-577a-b2ef-9cd7cd03d2fb,0cad18e9-62cd-5480-92a7-b3f752ff9996,3030a101-167b-59f7-bb5a-580335e2f5e0,1,21,31,12,22,9,17,1,1,2,4,6,14,0,0,6,8,0,1,1,3,28,0,0
2026-03-12 15:49:04 UTC,4b41ded4-a010-594a-9c4c-726730904b79,0cad18e9-62cd-5480-92a7-b3f752ff9996,3030a101-167b-59f7-bb5a-580335e2f5e0,2,34,62,34,62,26,50,6,10,2,2,24,49,2,4,8,9,1,0,2,0,5,0,0
2026-03-12 15:49:04 UTC,58e267d4-4cb8-5802-8e02-2d50870ddd87,0cad18e9-62cd-5480-92a7-b3f752ff9996,45b42751-497a-574c-8ff9-3392312a6b86,1,14,25,12,23,10,20,2,3,0,0,10,20,2,3,0,0,2,0,0,0,0,0,0
2026-03-12 15:49:04 UTC,dd2cd689-d528-5da8-968d-c2b60b650fcc,0cad18e9-62cd-5480-92a7-b3f752ff9996,45b42751-497a-574c-8ff9-3392312a6b86,2,10,29,10,29,7,25,1,2,2,2,10,29,0,0,0,0,0,0,0,0,0,0,0
2026-03-12 15:49:04 UTC,e81de1f3-4609-5e26-abbc-1fc8f2080b03,86c4f5e7-0815-582d-8b57-9332434088e3,7da32b5e-f3b1-5ddb-a732-9ae379aba088,1,6,11,4,9,1,6,1,1,2,2,3,8,0,0,1,1,0,0,0,0,0,0,0
2026-03-12 15:49:04 UTC,6b040d4a-f38e-502c-a562-4a2832b89f1f,86c4f5e7-0815-582d-8b57-9332434088e3,7da32b5e-f3b1-5ddb-a732-9ae379aba088,2,21,52,21,52,14,42,6,7,1,3,20,51,1,1,0,0,0,0,0,0,0,0,0
2026-03-12 15:49:04 UTC,889c4fb4-f635-5f27-bdb6-8292af27e44e,86c4f5e7-0815-582d-8b57-9332434088e3,7da32b5e-f3b1-5ddb-a732-9ae379aba088,3,42,76,41,75,26,56,11,15,4,4,40,74,0,0,1,1,0,0,0,0,0,0,0
2026-03-12 15:49:04 UTC,62ca3fed-16fa-5222-9eb7-f8873904029c,86c4f5e7-0815-582d-8b57-9332434088e3,7da0827a-d303-5d10-91a6-b6779525a981,1,64,81,5,13,3,11,1,1,1,1,3,10,2,3,0,0,0,0,1,3,26,0,0
2026-03-12 15:49:04 UTC,2243f167-9344-5f19-83d3-e13ae0e88e6a,86c4f5e7-0815-582d-8b57-9332434088e3,7da0827a-d303-5d10-91a6-b6779525a981,2,20,53,20,53,15,46,2,4,3,3,20,53,0,0,0,0,0,0,1,0,0,0,0
2026-03-12 15:49:04 UTC,b2e7e63f-5703-5ebc-b82e-c9151aaae327,86c4f5e7-0815-582d-8b57-9332434088e3,7da0827a-d303-5d10-91a6-b6779525a981,3,29,68,29,66,26,58,2,5,1,3,29,66,0,0,0,0,0,1,1,0,24,0,0
2026-03-12 15:49:07 UTC,a225d5eb-a5ee-5651-9894-0350d9c2117b,f2410f2a-e03d-5ec2-8e16-4c0c928a5962,a892ddb9-02d7-51ed-80cf-fbdea753bb20,1,11,46,11,46,3,32,3,7,5,7,11,45,0,1,0,0,0,0,0,0,0,0,0
2026-03-12 15:49:07 UTC,d3da5be3-bf05-52ed-a948-e727f2cf2052,f2410f2a-e03d-5ec2-8e16-4c0c928a5962,a892ddb9-02d7-51ed-80cf-fbdea753bb20,2,6,32,6,32,4,27,1,3,1,2,6,32,0,0,0,0,0,0,0,0,0,1,0
2026-03-12 15:49:07 UTC,ea013a01-f11e-53b9-80fe-ac2b5c4631f8,f2410f2a-e03d-5ec2-8e16-4c0c928a5962,37d0f593-0c2f-525e-804b-72847f0fcf7c,1,41,64,41,64,10,23,15,19,16,22,36,59,5,5,0,0,0,2,2,0,4,0,0
2026-03-12 15:49:07 UTC,bad17147-1cf1-5398-80bf-ffee3dd6943d,f2410f2a-e03d-5ec2-8e16-4c0c928a5962,37d0f593-0c2f-525e-804b-72847f0fcf7c,2,59,84,45,70,29,49,6,10,10,11,35,60,0,0,10,10,1,1,1,2,1,0,0
2026-03-12 15:49:08 UTC,7342afe5-335e-591e-8a2c-c3b54080c787,edd909e8-db58-5da6-acc8-e917b0de5b6d,b816c68b-7dba-55b0-817e-febdbf6cdbc6,1,13,48,5,39,0,30,2,4,3,5,5,39,0,0,0,0,0,0,0,0,0,0,0
2026-03-12 15:49:08 UTC,8c1ffd3e-a347-5f07-9d12-c0c05e72f241,edd909e8-db58-5da6-acc8-e917b0de5b6d,b816c68b-7dba-55b0-817e-febdbf6cdbc6,2,14,41,13,40,10,32,1,4,2,4,13,40,0,0,0,0,0,0,0,0,0,0,0
2026-03-12 15:49:08 UTC,68539949-a240-5a99-902a-d5ae70c021a3,edd909e8-db58-5da6-acc8-e917b0de5b6d,b816c68b-7dba-55b0-817e-febdbf6cdbc6,3,25,67,24,66,16,51,8,13,0,2,23,63,1,3,0,0,0,0,0,0,4,0,0
2026-03-12 15:49:08 UTC,d60725ac-c3ab-5ccd-acc5-ee34b870c6c5,edd909e8-db58-5da6-acc8-e917b0de5b6d,7f5c1015-2e58-599d-928d-ffe29dbcc75a,1,26,51,19,41,10,28,5,7,4,6,16,36,0,0,3,5,0,1,1,0,45,0,0
2026-03-12 15:49:08 UTC,42830cd7-3ce3-573b-b0e0-f3cbd3307335,edd909e8-db58-5da6-acc8-e917b0de5b6d,7f5c1015-2e58-599d-928d-ffe29dbcc75a,2,29,51,21,43,13,33,6,8,2,2,21,43,0,0,0,0,0,1,2,0,45,0,0
2026-03-12 15:49:08 UTC,bdb64511-67b3-5c33-86cd-77e76e229fcf,edd909e8-db58-5da6-acc8-e917b0de5b6d,7f5c1015-2e58-599d-928d-ffe29dbcc75a,3,31,71,31,71,25,65,5,5,1,1,30,69,1,2,0,0,0,0,1,0,13,0,0
2026-03-12 15:49:09 UTC,ba8a000f-3058-5daa-bb90-1e791c4d93fb,04ac07b7-14c2-58df-936b-c12df609def7,146eba14-fc03-529d-a39c-2f8403bc9df1,1,19,40,19,40,14,34,3,4,2,2,19,40,0,0,0,0,0,0,0,0,0,0,0
2026-03-12 15:49:09 UTC,fb5f9f1b-1f7d-5b24-a823-115ad459f81f,04ac07b7-14c2-58df-936b-c12df609def7,146eba14-fc03-529d-a39c-2f8403bc9df1,2,24,54,24,54,13,40,6,9,5,5,23,53,1,1,0,0,0,0,1,0,0,0,0
2026-03-12 15:49:09 UTC,0c15ca14-8aa9-5251-ab6c-55d7d6caade9,04ac07b7-14c2-58df-936b-c12df609def7,146eba14-fc03-529d-a39c-2f8403bc9df1,3,31,56,16,40,13,35,2,4,1,1,16,39,0,1,0,0,0,0,3,1,21,0,0
2026-03-12 15:49:09 UTC,83031be9-21bc-5af4-985e-6fcb5d54c93a,04ac07b7-14c2-58df-936b-c12df609def7,146eba14-fc03-529d-a39c-2f8403bc9df1,4,31,42,9,15,5,10,1,1,3,4,5,8,4,7,0,0,0,0,2,3,8,0,0
2026-03-12 15:49:09 UTC,e1bbb13b-5906-5185-a8b4-53e8137e67ea,04ac07b7-14c2-58df-936b-c12df609def7,146eba14-fc03-529d-a39c-2f8403bc9df1,5,29,37,11,19,6,14,3,3,2,2,6,14,5,5,0,0,0,0,2,2,51,0,0
2026-03-12 15:49:09 UTC,a111f584-2108-5f5b-944c-37943aa2a635,04ac07b7-14c2-58df-936b-c12df609def7,683b731a-a123-55c8-b634-73326fba6010,1,18,45,18,45,10,33,3,7,5,5,18,45,0,0,0,0,0,0,0,0,0,0,0
2026-03-12 15:49:09 UTC,3ab6354b-a86e-5b10-89b5-3292ececd4e8,04ac07b7-14c2-58df-936b-c12df609def7,683b731a-a123-55c8-b634-73326fba6010,2,42,83,42,83,30,70,5,6,7,7,39,78,3,5,0,0,0,0,0,0,0,0,0
2026-03-12 15:49:09 UTC,49dc730a-66c9-5dcf-9cd4-00d865ae43d6,04ac07b7-14c2-58df-936b-c12df609def7,683b731a-a123-55c8-b634-73326fba6010,3,20,47,17,44,11,37,5,5,1,2,17,44,0,0,0,0,0,0,0,0,0,0,0
2026-03-12 15:49:09 UTC,f9b74f47-ba5a-5beb-8ad9-e32675463308,04ac07b7-14c2-58df-936b-c12df609def7,683b731a-a123-55c8-b634-73326fba6010,4,29,35,8,14,4,8,1,2,3,4,7,13,1,1,0,0,0,0,0,0,0,0,0
2026-03-12 15:49:09 UTC,92b0a300-ad1b-5cd5-a135-3d09af8c606b,04ac07b7-14c2-58df-936b-c12df609def7,683b731a-a123-55c8-b634-73326fba6010,5,27,35,12,19,5,12,4,4,3,3,11,18,1,1,0,0,0,0,1,0,0,0,0
2026-03-12 15:49:10 UTC,e9119dbe-d98e-5427-ac82-a62ed8ab6491,419e1af0-65f5-5dfb-a549-8ddccc837a15,07119e76-54a4-5fe6-8e7d-1ab521d29f45,1,26,43,16,33,12,28,3,4,1,1,9,26,7,7,0,0,0,0,0,0,22,0,0
2026-03-12 15:49:10 UTC,0dcaa79d-e0cf-5bb5-bfb9-82d9ae674ba2,419e1af0-65f5-5dfb-a549-8ddccc837a15,34b4d1c0-7797-5c0b-a508-c6958126da31,1,32,48,30,46,24,39,4,5,2,2,9,18,1,1,20,27,1,0,0,0,11,0,0
2026-03-12 15:49:12 UTC,aa6798e1-c36d-56c1-a0bb-7594f6a8b0c7,643daad2-6fd7-50fb-9dfd-8da64000c883,d965808a-7e76-56e1-b147-6cbc20d3679d,1,10,38,10,38,5,29,3,5,2,4,9,37,1,1,0,0,0,0,0,0,0,0,0
2026-03-12 15:49:12 UTC,58f6863d-57e3-5661-989a-d558cec3d644,643daad2-6fd7-50fb-9dfd-8da64000c883,d965808a-7e76-56e1-b147-6cbc20d3679d,2,28,46,16,34,16,33,0,1,0,0,7,22,0,1,9,11,0,1,6,1,44,0,0
2026-03-12 15:49:12 UTC,51e535c9-56eb-51b5-8c6c-ccb8fd401cb8,643daad2-6fd7-50fb-9dfd-8da64000c883,d965808a-7e76-56e1-b147-6cbc20d3679d,3,14,30,13,29,8,24,4,4,1,1,10,25,3,4,0,0,0,1,2,0,47,1,0
2026-03-12 15:49:12 UTC,f58ad05a-4996-5f07-bdcd-d91a9dd398b8,643daad2-6fd7-50fb-9dfd-8da64000c883,e2558ec3-b38d-58c2-8636-30c41e1aa15d,1,36,58,36,57,13,30,14,18,9,9,31,51,4,4,1,2,0,0,0,0,18,0,0
2026-03-12 15:49:12 UTC,9dff7d0d-c410-5369-9cfe-b45e0504b3bb,643daad2-6fd7-50fb-9dfd-8da64000c883,e2558ec3-b38d-58c2-8636-30c41e1aa15d,2,32,51,27,46,14,32,9,10,4,4,19,31,1,2,7,13,0,0,0,1,3,0,1
2026-03-12 15:49:12 UTC,a68eae16-ba99-5900-bc92-3332c5f31d01,643daad2-6fd7-50fb-9dfd-8da64000c883,e2558ec3-b38d-58c2-8636-30c41e1aa15d,3,32,41,31,40,6,9,14,19,11,12,31,40,0,0,0,0,0,0,1,0,7,0,0
2026-03-12 15:49:13 UTC,0bdd7e4a-b7b4-5753-9d77-4d54b1855ef3,15ae2752-138f-5140-a9c1-626616ea2111,48eed8e6-2fc1-5dea-9868-e55137f4b804,1,19,47,16,44,10,34,1,3,5,7,16,44,0,0,0,0,0,1,1,0,13,0,0
2026-03-12 15:49:13 UTC,6ebd98b2-ac6e-5d93-b5e1-9c9b9bd1d094,15ae2752-138f-5140-a9c1-626616ea2111,48eed8e6-2fc1-5dea-9868-e55137f4b804,2,19,50,17,47,9,32,6,13,2,2,14,44,0,0,3,3,0,1,1,1,22,0,0
2026-03-12 15:49:13 UTC,18923f64-2eff-5e56-8813-6e0f9de3f069,15ae2752-138f-5140-a9c1-626616ea2111,48eed8e6-2fc1-5dea-9868-e55137f4b804,3,31,59,29,57,25,50,4,7,0,0,25,53,3,3,1,1,0,2,3,1,1,0,0
2026-03-12 15:49:13 UTC,fdc8914f-3991-5f81-887d-8ec03d75cec1,15ae2752-138f-5140-a9c1-626616ea2111,5bd99496-426b-5e1c-b2b9-10da1cec9c6a,1,16,38,13,35,4,19,4,6,5,10,12,34,1,1,0,0,0,0,1,0,59,0,0
2026-03-12 15:49:13 UTC,1e20313e-a787-507d-8ed5-0770f68c5e3b,15ae2752-138f-5140-a9c1-626616ea2111,5bd99496-426b-5e1c-b2b9-10da1cec9c6a,2,10,34,6,27,1,14,1,9,4,4,6,27,0,0,0,0,0,0,2,0,0,0,0
2026-03-12 15:49:13 UTC,1c51d322-7384-5648-a511-c5b132acce71,15ae2752-138f-5140-a9c1-626616ea2111,5bd99496-426b-5e1c-b2b9-10da1cec9c6a,3,16,48,12,44,7,30,3,9,2,5,12,44,0,0,0,0,0,1,2,1,6,0,0
2026-03-12 15:49:14 UTC,b6b773e5-c266-5550-aed5-97e81fdf4bb1,1b7cd706-f316-58f3-b97b-f7ccb88f4da1,20f62d5d-9c30-5d81-8948-d7a50b875cc5,1,21,25,4,8,1,5,0,0,3,3,3,6,1,1,0,1,0,3,6,1,51,0,0
2026-03-12 15:49:14 UTC,97a603c4-17fa-5986-8635-b39e2b6ba4cf,1b7cd706-f316-58f3-b97b-f7ccb88f4da1,20f62d5d-9c30-5d81-8948-d7a50b875cc5,2,8,15,4,11,4,11,0,0,0,0,4,10,0,0,0,1,0,0,1,0,37,0,1
2026-03-12 15:49:14 UTC,37394d79-c7f3-5692-80a2-7ede38e82df1,1b7cd706-f316-58f3-b97b-f7ccb88f4da1,20f62d5d-9c30-5d81-8948-d7a50b875cc5,3,25,29,0,2,0,2,0,0,0,0,0,2,0,0,0,0,0,0,1,2,22,0,2
2026-03-12 15:49:14 UTC,81b65000-0aed-5c36-ae5a-c2c0eee12d51,1b7cd706-f316-58f3-b97b-f7ccb88f4da1,7164ce98-1188-5a1d-99ad-16865eac5bed,1,15,19,9,13,5,8,1,1,3,4,3,7,1,1,5,5,0,1,1,1,37,1,0
2026-03-12 15:49:14 UTC,f307289b-736d-53a8-9b76-1dfaa62be641,1b7cd706-f316-58f3-b97b-f7ccb88f4da1,7164ce98-1188-5a1d-99ad-16865eac5bed,2,20,30,12,22,11,20,0,1,1,1,4,12,0,0,8,10,0,2,2,2,51,0,0
2026-03-12 15:49:14 UTC,687f37c0-e743-56ff-8ae1-11efc3dc2b13,1b7cd706-f316-58f3-b97b-f7ccb88f4da1,7164ce98-1188-5a1d-99ad-16865eac5bed,3,8,11,4,7,4,6,0,1,0,0,0,0,0,0,4,7,0,1,1,2,24,0,2
2026-03-12 15:49:15 UTC,dc9a5541-ef8d-5d99-a6c2-1f8c4f7329cc,95fa0f55-341b-557d-ba0f-3751a2c830d9,63cebaf9-c50f-5311-94ff-08f282687d35,1,33,67,19,53,13,46,2,3,4,4,17,51,2,2,0,0,0,0,2,1,54,0,0
2026-03-12 15:49:15 UTC,8cac30e8-da15-5262-b183-ba0824994e89,95fa0f55-341b-557d-ba0f-3751a2c830d9,63cebaf9-c50f-5311-94ff-08f282687d35,2,3,7,3,7,1,5,1,1,1,1,3,7,0,0,0,0,0,0,1,0,0,0,0
2026-03-12 15:49:15 UTC,36ace96c-e9e0-5e36-9e5a-58042020f588,95fa0f55-341b-557d-ba0f-3751a2c830d9,c1310bc4-1ae3-5907-81ce-a170f05c9f38,1,33,54,26,47,16,35,8,10,2,2,20,41,6,6,0,0,0,0,0,0,9,0,0
2026-03-12 15:49:15 UTC,6f80b1e7-6347-53d1-8f36-8541920e018b,95fa0f55-341b-557d-ba0f-3751a2c830d9,c1310bc4-1ae3-5907-81ce-a170f05c9f38,2,6,11,6,11,3,7,2,3,1,1,6,11,0,0,0,0,0,0,0,0,12,1,0
2026-03-12 15:49:16 UTC,4de11867-88d6-5b01-b982-e5a6c1dbc23d,20b4e544-4585-5f1a-bc7e-d20852e0b226,c02298b4-029f-5cd4-8049-4a4fb48e4bd9,1,29,44,10,25,8,23,1,1,1,1,10,25,0,0,0,0,0,0,0,0,0,0,0
2026-03-12 15:49:16 UTC,8271b4d6-f04e-5e4f-93d8-581fa37ef8d3,20b4e544-4585-5f1a-bc7e-d20852e0b226,c02298b4-029f-5cd4-8049-4a4fb48e4bd9,2,28,46,13,30,12,28,0,1,1,1,3,16,0,0,10,14,0,0,0,3,1,0,1
2026-03-12 15:49:16 UTC,6ca9b8a5-69c3-5f6a-8ea8-d05a0a0b3f57,20b4e544-4585-5f1a-bc7e-d20852e0b226,c02298b4-029f-5cd4-8049-4a4fb48e4bd9,3,27,56,22,51,15,41,3,6,4,4,22,51,0,0,0,0,0,0,0,0,31,0,0
2026-03-12 15:49:16 UTC,58936d4d-0e95-5e73-a4d9-365aa4fdebda,20b4e544-4585-5f1a-bc7e-d20852e0b226,aab4eca8-c119-5665-b169-30e9afae10bf,1,6,23,5,20,4,19,0,0,1,1,5,19,0,1,0,0,0,1,2,3,21,0,0
2026-03-12 15:49:16 UTC,cb3c5e6d-b647-547d-bb10-6a227962103e,20b4e544-4585-5f1a-bc7e-d20852e0b226,aab4eca8-c119-5665-b169-30e9afae10bf,2,8,16,6,14,1,8,2,3,3,3,6,14,0,0,0,0,0,1,2,0,45,0,0
2026-03-12 15:49:16 UTC,81a9ff01-a737-58c5-8645-ba0cf2dd58fa,20b4e544-4585-5f1a-bc7e-d20852e0b226,aab4eca8-c119-5665-b169-30e9afae10bf,3,20,49,20,49,14,43,0,0,6,6,20,49,0,0,0,0,0,0,3,0,16,0,0
2026-03-12 15:49:17 UTC,6e471ffd-b5f1-5e3d-9a12-d313025efcea,5f4cf617-cce8-55d0-bb96-60ecc57455f6,04b0f39e-febc-5235-bba4-778a6a0c9a7a,1,10,20,10,20,6,16,2,2,2,2,7,16,3,4,0,0,0,0,2,0,27,0,0
2026-03-12 15:49:17 UTC,2601bd5b-9171-5cf6-bba4-c55c4d74cd5b,5f4cf617-cce8-55d0-bb96-60ecc57455f6,04b0f39e-febc-5235-bba4-778a6a0c9a7a,2,7,15,7,15,4,12,2,2,1,1,5,13,2,2,0,0,0,0,1,0,11,0,0
2026-03-12 15:49:17 UTC,f8105066-8f73-5d53-bcdb-5f51b765ad12,5f4cf617-cce8-55d0-bb96-60ecc57455f6,04b0f39e-febc-5235-bba4-778a6a0c9a7a,3,11,19,11,19,3,11,7,7,1,1,5,13,6,6,0,0,0,0,5,0,15,0,0
2026-03-12 15:49:17 UTC,948b4fdd-fde3-52ea-8e34-a5182ad3a6e2,5f4cf617-cce8-55d0-bb96-60ecc57455f6,782df58a-5e09-55d3-9b9d-79e59417c0ff,1,20,31,20,31,3,10,2,4,15,17,20,31,0,0,0,0,0,0,0,0,0,0,0
2026-03-12 15:49:17 UTC,9a16203e-7914-5ce3-84af-18d50138c2e7,5f4cf617-cce8-55d0-bb96-60ecc57455f6,782df58a-5e09-55d3-9b9d-79e59417c0ff,2,22,42,21,41,3,16,6,7,12,18,21,40,0,1,0,0,0,0,1,0,0,0,0
2026-03-12 15:49:17 UTC,877f7846-8106-56e3-843a-10b7d9d462da,5f4cf617-cce8-55d0-bb96-60ecc57455f6,782df58a-5e09-55d3-9b9d-79e59417c0ff,3,28,46,18,36,5,15,11,17,2,4,10,28,3,3,5,5,0,1,1,0,47,0,0
2026-03-12 15:49:18 UTC,c33bc7bd-ae20-562d-8ed5-fbf571f443fc,6697796e-8618-5b6a-a0c6-4828255ed7f9,82cb2606-330f-554d-b0c7-ee2f024bc5d8,1,2,6,2,6,1,4,1,2,0,0,2,6,0,0,0,0,1,0,0,0,0,0,0
2026-03-12 15:49:18 UTC,d5ff6358-8056-5e67-9fc5-a8ad39c9ce0d,6697796e-8618-5b6a-a0c6-4828255ed7f9,472a8a56-68fa-5e9d-8924-bf7780d9e407,1,2,5,2,5,1,2,0,1,1,2,2,5,0,0,0,0,0,0,0,0,0,0,0
2026-03-12 15:49:20 UTC,2417d989-816e-51d6-9cba-87822932bf44,f6a808ad-f5d9-5096-9b74-628b17ddbc79,c3ea8f65-095d-5555-ac15-ece2528326d7,1,11,29,11,29,2,14,5,9,4,6,11,29,0,0,0,0,0,0,0,0,0,0,0
2026-03-12 15:49:20 UTC,a6b00fed-e7ea-5e22-9ba0-133f63df57c6,f6a808ad-f5d9-5096-9b74-628b17ddbc79,c3ea8f65-095d-5555-ac15-ece2528326d7,2,11,26,11,26,7,19,2,5,2,2,10,25,0,0,1,1,1,0,0,0,0,0,0
2026-03-12 15:49:20 UTC,0decf552-cd0f-58df-890f-8de07371d7b3,f6a808ad-f5d9-5096-9b74-628b17ddbc79,d1de1522-cea8-549b-9059-5a688e230cad,1,18,51,18,51,9,31,0,11,9,9,18,51,0,0,0,0,0,0,0,0,0,0,0
2026-03-12 15:49:20 UTC,168b6f9a-9480-5b05-bd13-2391f5bd44b4,f6a808ad-f5d9-5096-9b74-628b17ddbc79,d1de1522-cea8-549b-9059-5a688e230cad,2,9,25,9,25,9,24,0,0,0,1,9,25,0,0,0,0,0,0,0,0,0,0,0
2026-03-12 15:49:21 UTC,8c7adf79-bb87-5203-b015-03910b30dc57,ef981ad9-80f8-55f1-83fe-72db8d2458e9,97fdad3c-166c-503e-90dc-c235b857a415,1,8,21,7,20,4,15,1,3,2,2,7,20,0,0,0,0,0,0,1,0,0,0,0
2026-03-12 15:49:21 UTC,5155c5a4-12b0-555d-9609-60d0a3b5dd62,ef981ad9-80f8-55f1-83fe-72db8d2458e9,97fdad3c-166c-503e-90dc-c235b857a415,2,8,10,0,2,0,2,0,0,0,0,0,2,0,0,0,0,0,0,0,0,13,0,1
2026-03-12 15:49:21 UTC,7f03e56f-9df0-576c-91a7-953baab89f6a,ef981ad9-80f8-55f1-83fe-72db8d2458e9,97fdad3c-166c-503e-90dc-c235b857a415,3,13,19,3,9,2,8,1,1,0,0,3,9,0,0,0,0,0,0,0,0,0,0,0
2026-03-12 15:49:21 UTC,2f002c81-91b2-5cd3-9268-3fb9068eae63,ef981ad9-80f8-55f1-83fe-72db8d2458e9,c5bb3984-b367-5bfc-9f9e-b0a5c6877c67,1,12,29,5,22,2,18,0,0,3,4,5,22,0,0,0,0,0,5,6,2,11,0,0
2026-03-12 15:49:21 UTC,f5fd783f-d7d7-5928-bb61-aa5bf172bd63,ef981ad9-80f8-55f1-83fe-72db8d2458e9,c5bb3984-b367-5bfc-9f9e-b0a5c6877c67,2,17,23,1,5,1,5,0,0,0,0,1,4,0,0,0,1,0,3,3,4,7,0,1
2026-03-12 15:49:21 UTC,f5e6d3e1-41ab-5981-b502-d65885c4598d,ef981ad9-80f8-55f1-83fe-72db8d2458e9,c5bb3984-b367-5bfc-9f9e-b0a5c6877c67,3,18,23,2,6,2,6,0,0,0,0,2,6,0,0,0,0,0,8,9,3,47,0,0
2026-03-12 15:49:22 UTC,5a868443-d494-5871-b8ad-ff0effa3dc1b,6c945b71-c76d-542a-9eb3-0d4ae7ae2410,df1b04a2-1b78-53be-9487-208090001215,1,24,42,24,42,14,26,3,8,7,8,23,41,0,0,1,1,0,0,0,0,0,0,0
2026-03-12 15:49:22 UTC,7690590b-f72a-5c0d-882e-241ee1e643ae,6c945b71-c76d-542a-9eb3-0d4ae7ae2410,df1b04a2-1b78-53be-9487-208090001215,2,22,33,14,25,6,16,2,3,6,6,14,25,0,0,0,0,0,0,0,0,41,0,0
2026-03-12 15:49:22 UTC,678754e4-18f6-5a98-ab82-bd7c413513d6,6c945b71-c76d-542a-9eb3-0d4ae7ae2410,df1b04a2-1b78-53be-9487-208090001215,3,25,37,19,31,12,23,4,5,3,3,18,29,0,0,1,2,0,1,1,2,11,0,0
2026-03-12 15:49:22 UTC,560b513c-1310-5674-81d3-965cb9376195,6c945b71-c76d-542a-9eb3-0d4ae7ae2410,ef928ca1-1687-5572-8e81-9d9eae66e85f,1,30,62,19,51,9,37,3,6,7,8,19,51,0,0,0,0,0,2,5,1,26,0,0
2026-03-12 15:49:22 UTC,5d298e3d-4baf-501d-8c5c-d58624780742,6c945b71-c76d-542a-9eb3-0d4ae7ae2410,ef928ca1-1687-5572-8e81-9d9eae66e85f,2,23,50,17,43,12,37,4,5,1,1,15,41,2,2,0,0,0,0,3,1,20,0,0
2026-03-12 15:49:22 UTC,b80be7fc-c6e0-5514-a90d-9bf6c02eac48,6c945b71-c76d-542a-9eb3-0d4ae7ae2410,ef928ca1-1687-5572-8e81-9d9eae66e85f,3,58,87,19,47,16,43,3,4,0,0,19,47,0,0,0,0,0,0,0,0,0,0,0
2026-03-12 15:49:23 UTC,4ee81650-9992-57a3-8623-2a8f663c58ba,30a21967-e24d-536e-a8ec-0b4035080e3a,febded63-7cc3-5c8c-a402-afa23cc20333,1,11,16,8,13,5,10,2,2,1,1,8,13,0,0,0,0,0,0,0,0,0,0,0
2026-03-12 15:49:23 UTC,be5b93da-2180-51bf-90b3-cfdb467db2f6,30a21967-e24d-536e-a8ec-0b4035080e3a,febded63-7cc3-5c8c-a402-afa23cc20333,2,16,18,5,7,3,4,2,3,0,0,5,7,0,0,0,0,0,0,0,0,0,0,0
2026-03-12 15:49:23 UTC,3b5abf5f-e28d-5614-9f41-7dd7181138ca,30a21967-e24d-536e-a8ec-0b4035080e3a,febded63-7cc3-5c8c-a402-afa23cc20333,3,10,13,2,5,1,4,1,1,0,0,2,5,0,0,0,0,0,0,0,0,0,0,0
2026-03-12 15:49:23 UTC,53524045-293a-599d-a032-05491e3d8fe9,30a21967-e24d-536e-a8ec-0b4035080e3a,febded63-7cc3-5c8c-a402-afa23cc20333,4,8,13,6,11,6,11,0,0,0,0,6,11,0,0,0,0,0,0,0,0,0,0,0
2026-03-12 15:49:23 UTC,f5a5bf95-defa-5d54-8e9e-1f7e9e96ac8d,30a21967-e24d-536e-a8ec-0b4035080e3a,febded63-7cc3-5c8c-a402-afa23cc20333,5,28,32,5,9,3,7,1,1,1,1,4,8,1,1,0,0,0,0,0,1,36,0,0
2026-03-12 15:49:23 UTC,381bb455-0668-5237-8711-29bc486ef040,30a21967-e24d-536e-a8ec-0b4035080e3a,2de69ae1-e29b-515b-a837-0b7bcd09294c,1,19,25,10,14,7,11,0,0,3,3,6,8,1,1,3,5,0,1,1,4,30,2,0
2026-03-12 15:49:23 UTC,69b75d3f-f45a-5b59-bbd4-d35899f825b9,30a21967-e24d-536e-a8ec-0b4035080e3a,2de69ae1-e29b-515b-a837-0b7bcd09294c,2,24,26,13,15,11,13,2,2,0,0,2,4,0,0,11,11,0,1,2,4,40,2,0
2026-03-12 15:49:23 UTC,240e3b08-d4a1-5ce9-b2a0-44b9fbc4eb56,30a21967-e24d-536e-a8ec-0b4035080e3a,2de69ae1-e29b-515b-a837-0b7bcd09294c,3,18,23,9,14,7,10,1,3,1,1,3,7,1,1,5,6,0,1,4,4,29,0,0
2026-03-12 15:49:23 UTC,c906a5f2-4315-588a-9a5b-121173fca0a1,30a21967-e24d-536e-a8ec-0b4035080e3a,2de69ae1-e29b-515b-a837-0b7bcd09294c,4,25,36,9,11,6,8,2,2,1,1,4,6,0,0,5,5,0,1,3,4,16,0,0
2026-03-12 15:49:23 UTC,9f1977ee-2b12-5488-a000-19cb940b2fdb,30a21967-e24d-536e-a8ec-0b4035080e3a,2de69ae1-e29b-515b-a837-0b7bcd09294c,5,24,27,9,12,6,9,2,2,1,1,9,12,0,0,0,0,0,1,3,2,54,0,0
