fight_id,event_id,fighter_1_id,fighter_2_id,event_date,scored_at,scored_at_original,fighter_1_name,fighter_2_name,event_name,weight_class,pre_event_evidence,prediction_dir_mtime,prediction_file,model_name,model_artifact,prediction_source
43997c40-3946-5fd5-8d67-fdcce0c3abc0,4198aeef-89b4-5900-94da-ab14d83eb96d,bab7f23c-79ba-59cd-822f-e146c377ec1c,dbf86bd8-bfde-5c70-bdef-e4515b49fde7,2026-04-04,2026-03-31T12:09:04.077607+00:00,2026-03-31 12:09:04.077607+00:00,Jose Delano,Robert Ruchala,UFC Fight Night: Moicano vs. Duncan,featherweight,database_scored_at_before_event,,,XGBoost (calibrated),/home/wlodzimierrr/ufc-data/models/xgb/20260328T221117Z,adopted_recovered_git_report
695be5dc-de86-596b-8919-6716a553abd7,4198aeef-89b4-5900-94da-ab14d83eb96d,935309b0-86c6-54a3-abf0-ee4ada20b274,8568b8f1-c860-58c9-8663-63fe682a6c99,2026-04-04,2026-03-31T12:09:04.077607+00:00,2026-03-31 12:09:04.077607+00:00,Ethyn Ewing,Rafael Estevam,UFC Fight Night: Moicano vs. Duncan,bantamweight,database_scored_at_before_event,,,XGBoost (calibrated),/home/wlodzimierrr/ufc-data/models/xgb/20260328T221117Z,adopted_recovered_git_report
7c38b661-8972-5347-9a20-42eb629767d6,4198aeef-89b4-5900-94da-ab14d83eb96d,c548011c-5453-5d20-9a0e-f709c1223191,7ddd2036-f89d-5d64-9526-81cebd7e5513,2026-04-04,2026-03-31T12:09:04.077607+00:00,2026-03-31 12:09:04.077607+00:00,Renato Moicano,Chris Duncan,UFC Fight Night: Moicano vs. Duncan,lightweight,database_scored_at_before_event,,,XGBoost (calibrated),/home/wlodzimierrr/ufc-data/models/xgb/20260328T221117Z,adopted_recovered_git_report
a3240036-8369-54b6-baf8-ad2b84b489b4,4198aeef-89b4-5900-94da-ab14d83eb96d,aceef432-1685-5311-91b2-015a5ab0458e,2cdec672-3348-5df3-9bfc-f97089294919,2026-04-04,2026-03-31T12:09:04.077607+00:00,2026-03-31 12:09:04.077607+00:00,Alice Pereira,Hailey Cowan,UFC Fight Night: Moicano vs. Duncan,women_bantamweight,database_scored_at_before_event,,,XGBoost (calibrated),/home/wlodzimierrr/ufc-data/models/xgb/20260328T221117Z,adopted_recovered_git_report
a8e8f046-9e7f-5305-90ed-2976f9a1fa97,4198aeef-89b4-5900-94da-ab14d83eb96d,f68e11ce-7adf-5127-afc4-89b51ec75569,a8a1ae2f-3de4-52d6-9291-051bafb4617a,2026-04-04,2026-03-31T12:09:04.077607+00:00,2026-03-31 12:09:04.077607+00:00,Guilherme Pat,Thomas Petersen,UFC Fight Night: Moicano vs. Duncan,heavyweight,database_scored_at_before_event,,,XGBoost (calibrated),/home/wlodzimierrr/ufc-data/models/xgb/20260328T221117Z,adopted_recovered_git_report
b57fb8b9-0b8c-544b-ad86-4f1d72d83b25,4198aeef-89b4-5900-94da-ab14d83eb96d,f303950a-f7e6-56fe-80a7-35694f04be76,25f1d395-e071-5636-abc9-56ba8e08f9fc,2026-04-04,2026-03-31T12:09:04.077607+00:00,2026-03-31 12:09:04.077607+00:00,Azamat Bekoev,Tresean Gore,UFC Fight Night: Moicano vs. Duncan,middleweight,database_scored_at_before_event,,,XGBoost (calibrated),/home/wlodzimierrr/ufc-data/models/xgb/20260328T221117Z,adopted_recovered_git_report
b9f51174-1bd7-5209-bc48-1064551bee80,4198aeef-89b4-5900-94da-ab14d83eb96d,87e3b81e-fe88-5d3e-9818-f8cc19cf454e,336c6337-728e-59f6-bcf2-d78ac0d98306,2026-04-04,2026-03-31T12:09:04.077607+00:00,2026-03-31 12:09:04.077607+00:00,Alessandro Costa,Stewart Nicoll,UFC Fight Night: Moicano vs. Duncan,flyweight,database_scored_at_before_event,,,XGBoost (calibrated),/home/wlodzimierrr/ufc-data/models/xgb/20260328T221117Z,adopted_recovered_git_report
bd2e1624-cd5b-5677-982b-2b59ae711ed8,4198aeef-89b4-5900-94da-ab14d83eb96d,3e69aa8b-850c-513b-b346-339b08bf9d62,ab06203d-b31c-564e-86d8-5ef523d2e58d,2026-04-04,2026-03-31T12:09:04.077607+00:00,2026-03-31 12:09:04.077607+00:00,Tommy McMillen,Manolo Zecchini,UFC Fight Night: Moicano vs. Duncan,featherweight,database_scored_at_before_event,,,XGBoost (calibrated),/home/wlodzimierrr/ufc-data/models/xgb/20260328T221117Z,adopted_recovered_git_report
c0633b26-b3d5-5cea-b6c4-0dd0e96b96ca,4198aeef-89b4-5900-94da-ab14d83eb96d,3306464b-66b7-5268-b602-129a3637df03,940fda6f-2077-54f6-9fd7-3a38c94ea2be,2026-04-04,2026-03-31T12:09:04.077607+00:00,2026-03-31 12:09:04.077607+00:00,Lando Vannata,Darrius Flowers,UFC Fight Night: Moicano vs. Duncan,lightweight,database_scored_at_before_event,,,XGBoost (calibrated),/home/wlodzimierrr/ufc-data/models/xgb/20260328T221117Z,adopted_recovered_git_report
d10ce9c1-aa97-56c8-9d71-d3f779c2fc6a,4198aeef-89b4-5900-94da-ab14d83eb96d,91790c5b-3bc9-5224-bbc4-d738eb19168a,ab7fcf35-6b00-5ea0-8afe-810d3ae1702a,2026-04-04,2026-03-31T12:09:04.077607+00:00,2026-03-31 12:09:04.077607+00:00,Abdul Rakhman Yakhyaev,Brendson Ribeiro,UFC Fight Night: Moicano vs. Duncan,light_heavyweight,database_scored_at_before_event,,,XGBoost (calibrated),/home/wlodzimierrr/ufc-data/models/xgb/20260328T221117Z,adopted_recovered_git_report
f89bad5a-fa21-524f-8dd5-d053e3f1e571,4198aeef-89b4-5900-94da-ab14d83eb96d,771f9425-0f8a-5c40-ac4a-355cad170088,c0f958df-1e9f-52d6-a99f-1d4d78583283,2026-04-04,2026-03-31T12:09:04.077607+00:00,2026-03-31 12:09:04.077607+00:00,Virna Jandiroba,Tabatha Ricci,UFC Fight Night: Moicano vs. Duncan,women_strawweight,database_scored_at_before_event,,,XGBoost (calibrated),/home/wlodzimierrr/ufc-data/models/xgb/20260328T221117Z,adopted_recovered_git_report
165ec5ec-83ee-5c91-b8c6-8f4b105f1acc,d5873187-f2ab-568a-a182-b2fa8bb65731,f77ad944-5eef-553f-8681-f82f0d000b52,4157da27-4bd6-5886-87b3-287573174a81,2026-04-11,2026-04-06T17:11:01.455546+00:00,2026-04-06 17:11:01.455546+00:00,Jiri Prochazka,Carlos Ulberg,UFC 327: Prochazka vs. Ulberg,light_heavyweight,database_scored_at_before_event,,,XGBoost (calibrated),/home/wlodzimierrr/ufc-data/models/xgb/20260328T221117Z,adopted_recovered_git_report
20995c91-db22-53b2-b5af-5a31d5b36873,d5873187-f2ab-568a-a182-b2fa8bb65731,dca41af0-be15-5ce7-9967-d38a499e5adf,51f3a8f3-2c0a-5e0b-8f3e-dd99c5ff5c04,2026-04-11,2026-04-06T17:11:01.455546+00:00,2026-04-06 17:11:01.455546+00:00,Patricio Freire,Aaron Pico,UFC 327: Prochazka vs. Ulberg,featherweight,database_scored_at_before_event,,,XGBoost (calibrated),/home/wlodzimierrr/ufc-data/models/xgb/20260328T221117Z,adopted_recovered_git_report
49b9e9de-92f4-50a4-bee4-0fcdc9794425,d5873187-f2ab-568a-a182-b2fa8bb65731,66fbaec8-c89d-58d2-b25d-80c260a19b6d,deeceac7-0a60-5928-a5ec-af438b1562c0,2026-04-11,2026-04-06T17:11:01.455546+00:00,2026-04-06 17:11:01.455546+00:00,Curtis Blaydes,Josh Hokit,UFC 327: Prochazka vs. Ulberg,heavyweight,database_scored_at_before_event,,,XGBoost (calibrated),/home/wlodzimierrr/ufc-data/models/xgb/20260328T221117Z,adopted_recovered_git_report
5f2df4f3-17ea-50a5-9324-18122515db77,d5873187-f2ab-568a-a182-b2fa8bb65731,a5b4d788-0e80-579f-b675-f34b767fd8e5,0309c464-315c-5ec7-b55f-6c60b36e8202,2026-04-11,2026-04-06T17:11:01.455546+00:00,2026-04-06 17:11:01.455546+00:00,Azamat Murzakanov,Paulo Costa,UFC 327: Prochazka vs. Ulberg,light_heavyweight,database_scored_at_before_event,,,XGBoost (calibrated),/home/wlodzimierrr/ufc-data/models/xgb/20260328T221117Z,adopted_recovered_git_report
922f7a28-0796-595a-a5e7-9dfdca21bb51,d5873187-f2ab-568a-a182-b2fa8bb65731,ff2e5573-736f-5b79-b361-ccd55a75d3f0,bf1be4d0-70da-51f4-b682-315031f98d73,2026-04-11,2026-04-06T17:11:01.455546+00:00,2026-04-06 17:11:01.455546+00:00,Cub Swanson,Nate Landwehr,UFC 327: Prochazka vs. Ulberg,featherweight,database_scored_at_before_event,,,XGBoost (calibrated),/home/wlodzimierrr/ufc-data/models/xgb/20260328T221117Z,adopted_recovered_git_report
95a3159b-ae15-5edd-b4b9-fe909ed4004a,d5873187-f2ab-568a-a182-b2fa8bb65731,3d36bcb8-0630-50d9-8389-ccee3a1f333c,d14a8248-089e-5823-a92c-c31fb28cc654,2026-04-11,2026-04-06T17:11:01.455546+00:00,2026-04-06 17:11:01.455546+00:00,Tatiana Suarez,Loopy Godinez,UFC 327: Prochazka vs. Ulberg,women_strawweight,database_scored_at_before_event,,,XGBoost (calibrated),/home/wlodzimierrr/ufc-data/models/xgb/20260328T221117Z,adopted_recovered_git_report
ca65cc08-1753-5071-8b86-b0ec0c755c5a,d5873187-f2ab-568a-a182-b2fa8bb65731,b8c2968b-518f-512b-a699-f763b593034e,d5c3a97b-0f86-583e-bb64-1c9e43049c36,2026-04-11,2026-04-06T17:11:01.455546+00:00,2026-04-06 17:11:01.455546+00:00,Kelvin Gastelum,Vicente Luque,UFC 327: Prochazka vs. Ulberg,middleweight,database_scored_at_before_event,,,XGBoost (calibrated),/home/wlodzimierrr/ufc-data/models/xgb/20260328T221117Z,adopted_recovered_git_report
d6785f0f-6806-5a10-afbc-2d4a406c03f5,d5873187-f2ab-568a-a182-b2fa8bb65731,57b7939f-c270-54c2-84a1-319cad025ddc,7bcb343a-1747-5ca8-b23a-560706290c4a,2026-04-11,2026-04-06T17:11:01.455546+00:00,2026-04-06 17:11:01.455546+00:00,Mateusz Gamrot,Esteban Ribovics,UFC 327: Prochazka vs. Ulberg,lightweight,database_scored_at_before_event,,,XGBoost (calibrated),/home/wlodzimierrr/ufc-data/models/xgb/20260328T221117Z,adopted_recovered_git_report
eff44d9d-21f6-5d45-b11c-a5d86d20c425,d5873187-f2ab-568a-a182-b2fa8bb65731,8cad8d9a-c500-5fe1-afc7-e116941e2f0c,886804a2-086c-50e3-8e41-08f8fb6a1b7c,2026-04-11,2026-04-06T17:11:01.455546+00:00,2026-04-06 17:11:01.455546+00:00,Kevin Holland,Randy Brown,UFC 327: Prochazka vs. Ulberg,welterweight,database_scored_at_before_event,,,XGBoost (calibrated),/home/wlodzimierrr/ufc-data/models/xgb/20260328T221117Z,adopted_recovered_git_report
fac4c2cb-7bc2-5bde-b83f-aac03ea2cbfc,d5873187-f2ab-568a-a182-b2fa8bb65731,e2805d4e-34b4-519e-9cc2-025a836fb1ce,76e14568-01d0-502b-9990-5c935b7df2c0,2026-04-11,2026-04-06T17:11:01.455546+00:00,2026-04-06 17:11:01.455546+00:00,Dominick Reyes,Johnny Walker,UFC 327: Prochazka vs. Ulberg,light_heavyweight,database_scored_at_before_event,,,XGBoost (calibrated),/home/wlodzimierrr/ufc-data/models/xgb/20260328T221117Z,adopted_recovered_git_report
00c4ae73-1fd4-5893-8f1c-1b17afbdea01,f9fdb60d-f963-535d-a85d-6d782b6e17f4,77a23ddb-a261-5520-b7eb-bec78de3345c,73a4d75b-f3cf-5e1e-9466-13327f5af75d,2026-04-18,2026-04-06T17:11:01.455546+00:00,2026-04-06 17:11:01.455546+00:00,Mandel Nallo,Jai Herbert,UFC Fight Night: Burns vs. Malott,lightweight,database_scored_at_before_event,,,XGBoost (calibrated),/home/wlodzimierrr/ufc-data/models/xgb/20260328T221117Z,adopted_recovered_git_report
1c822267-6168-56a4-bf44-ae47c3ef96cc,f9fdb60d-f963-535d-a85d-6d782b6e17f4,48418d48-8e51-5df2-93fc-21bd6027db85,d25d2c4d-4656-570a-bd17-9c573d98b4d1,2026-04-18,2026-04-06T17:11:01.455546+00:00,2026-04-06 17:11:01.455546+00:00,Dennis Buzukja,Marcio Barbosa,UFC Fight Night: Burns vs. Malott,featherweight,database_scored_at_before_event,,,XGBoost (calibrated),/home/wlodzimierrr/ufc-data/models/xgb/20260328T221117Z,adopted_recovered_git_report
20fd242f-ae7f-5257-9297-2226aa15e447,f9fdb60d-f963-535d-a85d-6d782b6e17f4,c668535b-98fb-5125-846f-28e4946ed837,956a7351-0852-5a23-960e-cd70eb969bc5,2026-04-18,2026-04-06T17:11:01.455546+00:00,2026-04-06 17:11:01.455546+00:00,Jasmine Jasudavicius,Karine Silva,UFC Fight Night: Burns vs. Malott,women_flyweight,database_scored_at_before_event,,,XGBoost (calibrated),/home/wlodzimierrr/ufc-data/models/xgb/20260328T221117Z,adopted_recovered_git_report
6220ff97-1331-5548-941a-9c836df045b3,f9fdb60d-f963-535d-a85d-6d782b6e17f4,d5bcc400-1657-5c30-867b-977a1f11a28d,1b8d08d2-5e00-5263-b4bd-37b41ad773a7,2026-04-18,2026-04-06T17:11:01.455546+00:00,2026-04-06 17:11:01.455546+00:00,JJ Aldrich,Jamey-Lyn Horth,UFC Fight Night: Burns vs. Malott,women_flyweight,database_scored_at_before_event,,,XGBoost (calibrated),/home/wlodzimierrr/ufc-data/models/xgb/20260328T221117Z,adopted_recovered_git_report
cbdc6048-0b50-516d-8ea5-1da687afee38,f9fdb60d-f963-535d-a85d-6d782b6e17f4,30d41435-c403-53ea-a831-74733143cf48,cc259f61-a974-5f0f-ad31-d33bd77867e0,2026-04-18,2026-04-06T17:11:01.455546+00:00,2026-04-06 17:11:01.455546+00:00,Kyler Phillips,Charles Jourdain,UFC Fight Night: Burns vs. Malott,bantamweight,database_scored_at_before_event,,,XGBoost (calibrated),/home/wlodzimierrr/ufc-data/models/xgb/20260328T221117Z,adopted_recovered_git_report
ccd079d0-97e3-53a6-b649-8f6ac080acee,f9fdb60d-f963-535d-a85d-6d782b6e17f4,05b52933-2ba0-5c13-b71f-62208fba3378,b7bdb792-01fa-5bf9-a6bb-0a9a8545b86f,2026-04-18,2026-04-06T17:11:01.455546+00:00,2026-04-06 17:11:01.455546+00:00,Melissa Croden,Daria Zhelezniakova,UFC Fight Night: Burns vs. Malott,women_bantamweight,database_scored_at_before_event,,,XGBoost (calibrated),/home/wlodzimierrr/ufc-data/models/xgb/20260328T221117Z,adopted_recovered_git_report
fd71642d-7b31-53b9-b63a-e4709f13149f,f9fdb60d-f963-535d-a85d-6d782b6e17f4,311c13af-ece2-561a-addd-3ba962c7f2ba,b7524837-10c7-5128-a6b2-4738cc3b5a93,2026-04-18,2026-04-06T17:11:01.455546+00:00,2026-04-06 17:11:01.455546+00:00,Gilbert Burns,Mike Malott,UFC Fight Night: Burns vs. Malott,welterweight,database_scored_at_before_event,,,XGBoost (calibrated),/home/wlodzimierrr/ufc-data/models/xgb/20260328T221117Z,adopted_recovered_git_report
16ddf587-3df5-57a3-917e-1fa4d8e8e1a9,3fe99c83-f413-56b9-a413-13e789a197f5,cec138fc-95d9-590a-9bf1-949ce07102a3,a2857ebc-ab7d-52fe-ac89-1c320c52e7bf,2026-04-25,2026-04-06T17:11:01.455546+00:00,2026-04-06 17:11:01.455546+00:00,Norma Dumont,Joselyne Edwards,UFC Fight Night: Sterling vs. Zalal,women_bantamweight,database_scored_at_before_event,,,XGBoost (calibrated),/home/wlodzimierrr/ufc-data/models/xgb/20260328T221117Z,adopted_recovered_git_report
24f37b7e-2a83-5a55-9677-0454659927b1,3fe99c83-f413-56b9-a413-13e789a197f5,db789b37-6242-5382-aa50-e03deed8450a,b76e3de2-a091-579d-9a00-25c2e56783c3,2026-04-25,2026-04-06T17:11:01.455546+00:00,2026-04-06 17:11:01.455546+00:00,Jackson McVey,Sedriques Dumas,UFC Fight Night: Sterling vs. Zalal,middleweight,database_scored_at_before_event,,,XGBoost (calibrated),/home/wlodzimierrr/ufc-data/models/xgb/20260328T221117Z,adopted_recovered_git_report
73dec48a-a3bb-5f33-a421-d14a2533d7e2,3fe99c83-f413-56b9-a413-13e789a197f5,c1a85f84-022d-55f0-9965-a4f9b9a5e310,e0cd5d4f-e2bb-5098-bd10-2bbfa7489865,2026-04-25,2026-04-06T17:11:01.455546+00:00,2026-04-06 17:11:01.455546+00:00,Montel Jackson,Raoni Barcelos,UFC Fight Night: Sterling vs. Zalal,bantamweight,database_scored_at_before_event,,,XGBoost (calibrated),/home/wlodzimierrr/ufc-data/models/xgb/20260328T221117Z,adopted_recovered_git_report
9de8cacf-6b35-5d1f-bb99-e2891a986de8,3fe99c83-f413-56b9-a413-13e789a197f5,c2786919-49e0-5cf1-8fdb-b6042b877a67,2fbbc7a6-60ee-5833-916d-276a4d9ddeee,2026-04-25,2026-04-06T17:11:01.455546+00:00,2026-04-06 17:11:01.455546+00:00,Davey Grant,Adrian Luna Martinetti,UFC Fight Night: Sterling vs. Zalal,bantamweight,database_scored_at_before_event,,,XGBoost (calibrated),/home/wlodzimierrr/ufc-data/models/xgb/20260328T221117Z,adopted_recovered_git_report
a84e6753-76e7-5763-962c-b9b3a7bfdad3,3fe99c83-f413-56b9-a413-13e789a197f5,12bda1be-ae13-5eb9-ae7e-26e1d0a42bd8,0ea98974-4b83-5ec9-ac50-eca617b463e7,2026-04-25,2026-04-06T17:11:01.455546+00:00,2026-04-06 17:11:01.455546+00:00,Aljamain Sterling,Youssef Zalal,UFC Fight Night: Sterling vs. Zalal,featherweight,database_scored_at_before_event,,,XGBoost (calibrated),/home/wlodzimierrr/ufc-data/models/xgb/20260328T221117Z,adopted_recovered_git_report
da017aa3-5f67-5de9-82bb-a65226174cc6,3fe99c83-f413-56b9-a413-13e789a197f5,f7aa7c5f-5cbf-5e88-a868-383272563b67,fde53ea8-271c-5adc-b7e0-011ae07069ff,2026-04-25,2026-04-06T17:11:01.455546+00:00,2026-04-06 17:11:01.455546+00:00,Rodolfo Vieira,Eric McConico,UFC Fight Night: Sterling vs. Zalal,middleweight,database_scored_at_before_event,,,XGBoost (calibrated),/home/wlodzimierrr/ufc-data/models/xgb/20260328T221117Z,adopted_recovered_git_report
effffdc9-0a40-56e7-a75d-ad5b7e3be83d,3fe99c83-f413-56b9-a413-13e789a197f5,5526f2c2-b2a1-5626-8f9d-b7221830cddb,ecc9debb-d667-5bd4-af2f-a607ff52b6cd,2026-04-25,2026-04-06T17:11:01.455546+00:00,2026-04-06 17:11:01.455546+00:00,Talita Alencar,Julia Polastri,UFC Fight Night: Sterling vs. Zalal,women_strawweight,database_scored_at_before_event,,,XGBoost (calibrated),/home/wlodzimierrr/ufc-data/models/xgb/20260328T221117Z,adopted_recovered_git_report
fbe7b3a0-ef81-585d-be48-ddaa90ec4760,3fe99c83-f413-56b9-a413-13e789a197f5,13cb2251-408c-5763-a486-eac6062d5b4b,c0dc37bf-e27a-5b9b-9ee6-2df7d20570f7,2026-04-25,2026-04-06T17:11:01.455546+00:00,2026-04-06 17:11:01.455546+00:00,Mayra Bueno Silva,Michelle Montague,UFC Fight Night: Sterling vs. Zalal,women_bantamweight,database_scored_at_before_event,,,XGBoost (calibrated),/home/wlodzimierrr/ufc-data/models/xgb/20260328T221117Z,adopted_recovered_git_report
09d3d5ce-8a66-5aff-b228-a52f31a7909e,dee0f510-51ac-5484-85c1-add420b2bf4b,b65fc188-e56e-5218-82a7-f19aade7dcec,65570629-af24-54cd-a569-fefa66ad135a,2026-05-02,2026-04-06T17:11:01.455546+00:00,2026-04-06 17:11:01.455546+00:00,Jacob Malkoun,Gerald Meerschaert,UFC Fight Night: Della Maddalena vs. Prates,middleweight,database_scored_at_before_event,,,XGBoost (calibrated),/home/wlodzimierrr/ufc-data/models/xgb/20260328T221117Z,adopted_recovered_git_report
1cbc3025-e373-551b-b0e0-25d85fb65b9c,dee0f510-51ac-5484-85c1-add420b2bf4b,a98761e4-b493-57e5-ac1b-c2786312df25,5669be42-4cb6-52e8-ae09-3f429d87e970,2026-05-02,2026-04-06T17:11:01.455546+00:00,2026-04-06 17:11:01.455546+00:00,Jack Della Maddalena,Carlos Prates,UFC Fight Night: Della Maddalena vs. Prates,welterweight,database_scored_at_before_event,,,XGBoost (calibrated),/home/wlodzimierrr/ufc-data/models/xgb/20260328T221117Z,adopted_recovered_git_report
42ec9d98-f1c8-5a40-b696-6b36ef6cf342,dee0f510-51ac-5484-85c1-add420b2bf4b,31a89045-c578-59cc-851d-d85601115981,147640ec-5f56-5dde-a57a-1788591507a9,2026-05-02,2026-04-06T17:11:01.455546+00:00,2026-04-06 17:11:01.455546+00:00,Dom Mar Fan,Kody Steele,UFC Fight Night: Della Maddalena vs. Prates,lightweight,database_scored_at_before_event,,,XGBoost (calibrated),/home/wlodzimierrr/ufc-data/models/xgb/20260328T221117Z,adopted_recovered_git_report
5eac42aa-099e-548f-9af6-9b704567e835,dee0f510-51ac-5484-85c1-add420b2bf4b,8dbd3137-274e-5bd5-82f5-5a0176286259,efeddc63-3719-5a49-b970-793b8d2b5a56,2026-05-02,2026-04-06T17:11:01.455546+00:00,2026-04-06 17:11:01.455546+00:00,Junior Tafa,Kevin Christian,UFC Fight Night: Della Maddalena vs. Prates,light_heavyweight,database_scored_at_before_event,,,XGBoost (calibrated),/home/wlodzimierrr/ufc-data/models/xgb/20260328T221117Z,adopted_recovered_git_report
7f557a91-c730-5125-ad7e-a50d138fe4fb,dee0f510-51ac-5484-85c1-add420b2bf4b,948f973a-3a36-557b-95b0-92203af7f017,bda229e2-f297-5a75-8aff-247eec83f9c9,2026-05-02,2026-04-06T17:11:01.455546+00:00,2026-04-06 17:11:01.455546+00:00,Cam Rowston,Robert Bryczek,UFC Fight Night: Della Maddalena vs. Prates,middleweight,database_scored_at_before_event,,,XGBoost (calibrated),/home/wlodzimierrr/ufc-data/models/xgb/20260328T221117Z,adopted_recovered_git_report
c6e4fe50-736e-5a81-a7f7-0dda592e972d,dee0f510-51ac-5484-85c1-add420b2bf4b,46a3d6f3-12bb-5676-8ead-728fea9e9686,9c7f2e6e-c24b-5be1-9af2-6bb9c7ac2605,2026-05-02,2026-04-06T17:11:01.455546+00:00,2026-04-06 17:11:01.455546+00:00,Steve Erceg,Tim Elliott,UFC Fight Night: Della Maddalena vs. Prates,flyweight,database_scored_at_before_event,,,XGBoost (calibrated),/home/wlodzimierrr/ufc-data/models/xgb/20260328T221117Z,adopted_recovered_git_report
e8fbb614-8112-5f1c-a194-e07b36556ed4,dee0f510-51ac-5484-85c1-add420b2bf4b,fe803c88-b604-587c-9811-a07552a4f45a,ec0365a0-98e8-5a80-a3cf-646ed740a866,2026-05-02,2026-04-06T17:11:01.455546+00:00,2026-04-06 17:11:01.455546+00:00,Beneil Dariush,Quillan Salkilld,UFC Fight Night: Della Maddalena vs. Prates,lightweight,database_scored_at_before_event,,,XGBoost (calibrated),/home/wlodzimierrr/ufc-data/models/xgb/20260328T221117Z,adopted_recovered_git_report
3b1c7d16-8614-5b9c-9c56-57f4c015af80,8bf7444e-d9a6-5c22-94d2-76ca71b1080c,37d0f593-0c2f-525e-804b-72847f0fcf7c,fc8ea4b1-2c11-5342-b76c-d76de11ff961,2026-05-09,2026-04-06T17:11:01.455546+00:00,2026-04-06 17:11:01.455546+00:00,King Green,Jeremy Stephens,UFC 328: Chimaev vs. Strickland,lightweight,database_scored_at_before_event,,,XGBoost (calibrated),/home/wlodzimierrr/ufc-data/models/xgb/20260328T221117Z,adopted_recovered_git_report
60e0676c-842c-581c-8104-2d7b43e3d4d4,8bf7444e-d9a6-5c22-94d2-76ca71b1080c,bf9eab44-5c58-5ef9-a0bd-c9153734005c,73e07249-b1bd-5add-b856-4c34cf47feec,2026-05-09,2026-04-06T17:11:01.455546+00:00,2026-04-06 17:11:01.455546+00:00,Sean Brady,Joaquin Buckley,UFC 328: Chimaev vs. Strickland,welterweight,database_scored_at_before_event,,,XGBoost (calibrated),/home/wlodzimierrr/ufc-data/models/xgb/20260328T221117Z,adopted_recovered_git_report
651d22d8-3995-5ec8-973d-9a9225d9fd44,8bf7444e-d9a6-5c22-94d2-76ca71b1080c,82dd82c4-bd66-5f4a-b941-878e9a1f1ffe,f6ce62bb-1b53-561c-9bdf-5cb8e014e053,2026-05-09,2026-04-06T17:11:01.455546+00:00,2026-04-06 17:11:01.455546+00:00,Khamzat Chimaev,Sean Strickland,UFC 328: Chimaev vs. Strickland,middleweight,database_scored_at_before_event,,,XGBoost (calibrated),/home/wlodzimierrr/ufc-data/models/xgb/20260328T221117Z,adopted_recovered_git_report
7262386a-9f4e-5fd9-ae6d-7396a476a548,8bf7444e-d9a6-5c22-94d2-76ca71b1080c,26ad9944-0194-5ba9-8744-2471ff01e799,f432eb2c-78c6-5dd2-a470-b5247c052171,2026-05-09,2026-04-06T17:11:01.455546+00:00,2026-04-06 17:11:01.455546+00:00,Joshua Van,Tatsuro Taira,UFC 328: Chimaev vs. Strickland,flyweight,database_scored_at_before_event,,,XGBoost (calibrated),/home/wlodzimierrr/ufc-data/models/xgb/20260328T221117Z,adopted_recovered_git_report
7462d79f-bb7e-5730-a4ef-04dcaeb673f4,8bf7444e-d9a6-5c22-94d2-76ca71b1080c,31c4500d-57d6-59cd-8dce-165c2eadd098,8c7cebbc-c0d5-51ce-9b9e-81f0abcbe491,2026-05-09,2026-04-06T17:11:01.455546+00:00,2026-04-06 17:11:01.455546+00:00,Ateba Gautier,Ozzy Diaz,UFC 328: Chimaev vs. Strickland,middleweight,database_scored_at_before_event,,,XGBoost (calibrated),/home/wlodzimierrr/ufc-data/models/xgb/20260328T221117Z,adopted_recovered_git_report
841f63f9-42e5-5dfd-87a0-52675f0ac91e,8bf7444e-d9a6-5c22-94d2-76ca71b1080c,90a9742b-68e2-5cd1-9f1d-28899ef4a1fa,06298dd2-2cb7-51bc-97fd-0780060a5d0e,2026-05-09,2026-04-06T17:11:01.455546+00:00,2026-04-06 17:11:01.455546+00:00,Baisangur Susurkaev,Djorden Santos,UFC 328: Chimaev vs. Strickland,middleweight,database_scored_at_before_event,,,XGBoost (calibrated),/home/wlodzimierrr/ufc-data/models/xgb/20260328T221117Z,adopted_recovered_git_report
c2b431df-2a5e-5197-8590-32c4dec0b7fc,8bf7444e-d9a6-5c22-94d2-76ca71b1080c,bfa62ab8-5d12-57e2-8469-1bc2417e4ac6,0b5c07a8-ab60-5218-aacf-fbb37163f327,2026-05-09,2026-04-06T17:11:01.455546+00:00,2026-04-06 17:11:01.455546+00:00,Alexander Volkov,Waldo Cortes Acosta,UFC 328: Chimaev vs. Strickland,heavyweight,database_scored_at_before_event,,,XGBoost (calibrated),/home/wlodzimierrr/ufc-data/models/xgb/20260328T221117Z,adopted_recovered_git_report
d2307292-adf1-51e9-a374-f71cd9f9f872,8bf7444e-d9a6-5c22-94d2-76ca71b1080c,e2942548-1874-5c9c-a8c1-adfb929b8297,8e029f95-dc44-50ce-918a-94c9c5924374,2026-05-09,2026-04-06T17:11:01.455546+00:00,2026-04-06 17:11:01.455546+00:00,Roman Kopylov,Marco Tulio,UFC 328: Chimaev vs. Strickland,middleweight,database_scored_at_before_event,,,XGBoost (calibrated),/home/wlodzimierrr/ufc-data/models/xgb/20260328T221117Z,adopted_recovered_git_report
d5832f98-f952-5d69-9131-2e724c0cbb44,8bf7444e-d9a6-5c22-94d2-76ca71b1080c,352f3cff-4cc9-5620-8daf-6ab31ada2270,741b1f5e-2ce3-50f5-9fcc-8e24eb374ec1,2026-05-09,2026-04-06T17:11:01.455546+00:00,2026-04-06 17:11:01.455546+00:00,Clayton Carpenter,Jose Ochoa,UFC 328: Chimaev vs. Strickland,flyweight,database_scored_at_before_event,,,XGBoost (calibrated),/home/wlodzimierrr/ufc-data/models/xgb/20260328T221117Z,adopted_recovered_git_report
5c5458ea-4757-58b7-9483-af2dbdc93876,f1e5063b-1038-5cc4-a825-4bfdaea5e8df,358a4b38-077e-5158-a59d-ff34a12d1bae,9241fbb1-b4fc-5596-b8ad-7f374311f788,2026-05-16,2026-04-06T17:11:01.455546+00:00,2026-04-06 17:11:01.455546+00:00,Daniel Barez,Luis Gurule,UFC Fight Night: Allen vs. Costa,flyweight,database_scored_at_before_event,,,XGBoost (calibrated),/home/wlodzimierrr/ufc-data/models/xgb/20260328T221117Z,adopted_recovered_git_report
80573503-ed65-5654-bf47-76c8a7b07d0e,f1e5063b-1038-5cc4-a825-4bfdaea5e8df,8fefaeec-28cf-5a1f-835f-8fa2e25f4770,18ab3ad7-476e-5e7d-8e44-d7f7ed63d495,2026-05-16,2026-04-06T17:11:01.455546+00:00,2026-04-06 17:11:01.455546+00:00,Alice Ardelean,Polyana Viana,UFC Fight Night: Allen vs. Costa,women_strawweight,database_scored_at_before_event,,,XGBoost (calibrated),/home/wlodzimierrr/ufc-data/models/xgb/20260328T221117Z,adopted_recovered_git_report
8381318b-639a-525a-a723-fb85e62cbf01,f1e5063b-1038-5cc4-a825-4bfdaea5e8df,0d417949-a99d-5ab1-8c38-86eb9b2587f9,2944c746-7ab7-50b6-a656-abad39141c33,2026-05-16,2026-04-06T17:11:01.455546+00:00,2026-04-06 17:11:01.455546+00:00,Arnold Allen,Melquizael Costa,UFC Fight Night: Allen vs. Costa,featherweight,database_scored_at_before_event,,,XGBoost (calibrated),/home/wlodzimierrr/ufc-data/models/xgb/20260328T221117Z,adopted_recovered_git_report
c93d228a-a175-554c-a625-dd166dddf13f,f1e5063b-1038-5cc4-a825-4bfdaea5e8df,4b7beade-def7-50ff-9acd-e08a42863a71,ca6e7616-e175-5ef9-bc89-7d2bcb448ccc,2026-05-16,2026-04-06T17:11:01.455546+00:00,2026-04-06 17:11:01.455546+00:00,Ketlen Vieira,Jacqueline Cavalcanti,UFC Fight Night: Allen vs. Costa,women_bantamweight,database_scored_at_before_event,,,XGBoost (calibrated),/home/wlodzimierrr/ufc-data/models/xgb/20260328T221117Z,adopted_recovered_git_report
e3f80737-1178-557d-b4d3-1334a7e48684,f1e5063b-1038-5cc4-a825-4bfdaea5e8df,7136a5bf-ea97-5886-b85f-74589032229f,f10cbcbd-1d53-5363-9bfc-b1606599ccc9,2026-05-16,2026-04-06T17:11:01.455546+00:00,2026-04-06 17:11:01.455546+00:00,Tuco Tokkos,Ivan Erslan,UFC Fight Night: Allen vs. Costa,light_heavyweight,database_scored_at_before_event,,,XGBoost (calibrated),/home/wlodzimierrr/ufc-data/models/xgb/20260328T221117Z,adopted_recovered_git_report
ed8667ab-279b-5715-8610-8d3c80c9f1c5,f1e5063b-1038-5cc4-a825-4bfdaea5e8df,65918409-f6ab-5c39-a8e7-fb89cbe7ce4a,cd241225-73c0-5c28-85fc-48303ddd04d4,2026-05-16,2026-04-06T17:11:01.455546+00:00,2026-04-06 17:11:01.455546+00:00,Timmy Cuamba,Benardo Sopaj,UFC Fight Night: Allen vs. Costa,bantamweight,database_scored_at_before_event,,,XGBoost (calibrated),/home/wlodzimierrr/ufc-data/models/xgb/20260328T221117Z,adopted_recovered_git_report
f8c8e7c0-7875-56af-a22a-80e92127a27d,f1e5063b-1038-5cc4-a825-4bfdaea5e8df,ab21f6d2-0fc5-5dcd-96cb-1a9b326988c4,5908d8f5-55bf-5dcd-ac3c-30cb6609d6e8,2026-05-16,2026-04-06T17:11:01.455546+00:00,2026-04-06 17:11:01.455546+00:00,Shauna Bannon,Nicolle Caliari,UFC Fight Night: Allen vs. Costa,women_strawweight,database_scored_at_before_event,,,XGBoost (calibrated),/home/wlodzimierrr/ufc-data/models/xgb/20260328T221117Z,adopted_recovered_git_report
01aa9cb8-9e00-5824-a7db-8579192d9bcc,3ea8968a-169f-5183-b28d-4fcfeed9959a,73e94e1e-af70-573a-ab1c-ef66219f9e40,6b7d6f17-9760-5d35-862e-0bf685596147,2026-05-30,2026-04-06T17:11:01.455546+00:00,2026-04-06 17:11:01.455546+00:00,Sergei Pavlovich,Tallison Teixeira,UFC Fight Night: Song vs. Figueiredo,heavyweight,database_scored_at_before_event,,,XGBoost (calibrated),/home/wlodzimierrr/ufc-data/models/xgb/20260328T221117Z,adopted_recovered_git_report
235734d2-19f3-53e0-84c3-4e677ed66f7b,3ea8968a-169f-5183-b28d-4fcfeed9959a,5c18467f-edf8-59c5-b71d-396f3bc8894f,217e3f5d-dc9c-529e-981a-dbba88404d09,2026-05-30,2026-04-06T17:11:01.455546+00:00,2026-04-06 17:11:01.455546+00:00,Zhang Mingyang,Alonzo Menifield,UFC Fight Night: Song vs. Figueiredo,light_heavyweight,database_scored_at_before_event,,,XGBoost (calibrated),/home/wlodzimierrr/ufc-data/models/xgb/20260328T221117Z,adopted_recovered_git_report
43265d17-c045-5ab5-b252-32478d38bfe3,3ea8968a-169f-5183-b28d-4fcfeed9959a,f218094c-4e94-59e8-93cf-64974e407715,051cf07c-02be-5d99-9569-f008c48ec86f,2026-05-30,2026-04-06T17:11:01.455546+00:00,2026-04-06 17:11:01.455546+00:00,Loma Lookboonmee,Jaqueline Amorim,UFC Fight Night: Song vs. Figueiredo,women_strawweight,database_scored_at_before_event,,,XGBoost (calibrated),/home/wlodzimierrr/ufc-data/models/xgb/20260328T221117Z,adopted_recovered_git_report
569e168e-a789-5791-8cde-701c7db6a9cc,3ea8968a-169f-5183-b28d-4fcfeed9959a,305c8448-6937-5d80-9738-9d8ee339e5ce,c36899df-df13-5107-94d2-17c3493451de,2026-05-30,2026-04-06T17:11:01.455546+00:00,2026-04-06 17:11:01.455546+00:00,Kai Asakura,Cameron Smotherman,UFC Fight Night: Song vs. Figueiredo,bantamweight,database_scored_at_before_event,,,XGBoost (calibrated),/home/wlodzimierrr/ufc-data/models/xgb/20260328T221117Z,adopted_recovered_git_report
7d77781e-5086-5a43-af9a-82c85baa7c05,3ea8968a-169f-5183-b28d-4fcfeed9959a,1d8337b7-db23-5e06-9b8a-9990b721eeea,595096d9-92ed-56d4-a1ba-d53358d61d85,2026-05-30,2026-04-06T17:11:01.455546+00:00,2026-04-06 17:11:01.455546+00:00,Aoriqileng,Cody Haddon,UFC Fight Night: Song vs. Figueiredo,bantamweight,database_scored_at_before_event,,,XGBoost (calibrated),/home/wlodzimierrr/ufc-data/models/xgb/20260328T221117Z,adopted_recovered_git_report
cd0c06ff-e092-5a03-a4fc-68545b15db02,3ea8968a-169f-5183-b28d-4fcfeed9959a,a7f92121-29e9-585b-b4e0-ae8c2921ca87,295728e1-a666-5e94-89c7-279982d29536,2026-05-30,2026-04-06T17:11:01.455546+00:00,2026-04-06 17:11:01.455546+00:00,Song Yadong,Deiveson Figueiredo,UFC Fight Night: Song vs. Figueiredo,bantamweight,database_scored_at_before_event,,,XGBoost (calibrated),/home/wlodzimierrr/ufc-data/models/xgb/20260328T221117Z,adopted_recovered_git_report
b2cf0da4-705e-5d82-addc-6f18e0fa8705,51164b6d-22a2-5767-ab6a-84c59abfecb7,243c64b6-7efe-50da-9bf8-0bb6f6fb34d7,7da32b5e-f3b1-5ddb-a732-9ae379aba088,2026-06-06,2026-05-31T20:14:28.201894+00:00,2026-05-31 20:14:28.201894+00:00,Bruno Silva,Edgar Chairez,UFC Fight Night: Muhammad vs. Bonfim,flyweight,database_scored_at_before_event,,,XGBoost (calibrated),/home/wlodzimierrr/ufc-data/models/xgb/20260328T221117Z,adopted_recovered_git_report
ca666c11-5735-5afe-9688-0b0882313588,51164b6d-22a2-5767-ab6a-84c59abfecb7,f1e8474a-8f13-514e-aa23-e816b449124e,5677e09c-ed77-5104-8f51-960acfa189cb,2026-06-06,2026-05-31T20:14:28.201894+00:00,2026-05-31 20:14:28.201894+00:00,Belal Muhammad,Gabriel Bonfim,UFC Fight Night: Muhammad vs. Bonfim,welterweight,database_scored_at_before_event,,,XGBoost (calibrated),/home/wlodzimierrr/ufc-data/models/xgb/20260328T221117Z,adopted_recovered_git_report
dfad314f-bc0f-5376-9b44-918db92b1eae,51164b6d-22a2-5767-ab6a-84c59abfecb7,7ca3e5fa-3a3e-52ea-ad9d-4b3326bb8923,2c9a6d59-5d50-5e20-8a32-621e970b3df3,2026-06-06,2026-05-31T20:14:28.201894+00:00,2026-05-31 20:14:28.201894+00:00,Jeisla Chaves,Yuneisy Duben,UFC Fight Night: Muhammad vs. Bonfim,women_flyweight,database_scored_at_before_event,,,XGBoost (calibrated),/home/wlodzimierrr/ufc-data/models/xgb/20260328T221117Z,adopted_recovered_git_report
1bba5c25-05f2-52b8-ba49-a92fdb1bbcb7,aa7c03cc-8a0d-529c-afca-67b9d38e88da,eddcfe9a-edde-5659-a83f-5f0241e3ab95,d6749d39-4863-5d70-9593-d8749915fce5,2026-06-14,2026-05-31T20:14:28.201894+00:00,2026-05-31 20:14:28.201894+00:00,Diego Lopes,Steve Garcia,UFC Freedom 250,featherweight,database_scored_at_before_event,,,XGBoost (calibrated),/home/wlodzimierrr/ufc-data/models/xgb/20260328T221117Z,adopted_recovered_git_report
6161d3e7-9392-515a-b766-d93e637bc6c9,aa7c03cc-8a0d-529c-afca-67b9d38e88da,197390c7-1d00-5eee-a548-c04c8fc7157c,22a3fdb3-056a-589c-bdd9-af40e09c4f78,2026-06-14,2026-05-31T20:14:28.201894+00:00,2026-05-31 20:14:28.201894+00:00,Alex Pereira,Ciryl Gane,UFC Freedom 250,heavyweight,database_scored_at_before_event,,,XGBoost (calibrated),/home/wlodzimierrr/ufc-data/models/xgb/20260328T221117Z,adopted_recovered_git_report
8a8e4047-d6d1-525b-8768-c70a6559394e,aa7c03cc-8a0d-529c-afca-67b9d38e88da,407e3b81-e0a5-551c-98cf-2bf98ad57969,837c3440-99f8-51be-b164-d759796bf644,2026-06-14,2026-05-31T20:14:28.201894+00:00,2026-05-31 20:14:28.201894+00:00,Bo Nickal,Kyle Daukaus,UFC Freedom 250,middleweight,database_scored_at_before_event,,,XGBoost (calibrated),/home/wlodzimierrr/ufc-data/models/xgb/20260328T221117Z,adopted_recovered_git_report
8e007133-02c8-53dc-a08f-b74218162735,aa7c03cc-8a0d-529c-afca-67b9d38e88da,e6c65725-19ca-5b78-9014-34a188ffed76,8917d128-ee39-5542-ae1f-bcf013776a6f,2026-06-14,2026-05-31T20:14:28.201894+00:00,2026-05-31 20:14:28.201894+00:00,Ilia Topuria,Justin Gaethje,UFC Freedom 250,lightweight,database_scored_at_before_event,,,XGBoost (calibrated),/home/wlodzimierrr/ufc-data/models/xgb/20260328T221117Z,adopted_recovered_git_report
d6d37520-a029-5d4c-885d-9e28fed5f99c,aa7c03cc-8a0d-529c-afca-67b9d38e88da,78d0388e-0a8e-5f08-92ec-0e6be31bab5b,9f2a976c-4464-5ecd-8ddc-1f21e3670ecb,2026-06-14,2026-05-31T20:14:28.201894+00:00,2026-05-31 20:14:28.201894+00:00,Mauricio Ruffy,Michael Chandler,UFC Freedom 250,lightweight,database_scored_at_before_event,,,XGBoost (calibrated),/home/wlodzimierrr/ufc-data/models/xgb/20260328T221117Z,adopted_recovered_git_report
db6993e7-ed96-58fb-87d0-6775ddc1ca9a,aa7c03cc-8a0d-529c-afca-67b9d38e88da,b4c849f7-4884-5fb4-a1d1-2de72e5a6a22,0a712492-b3d4-537d-8822-f9df4a87cc35,2026-06-14,2026-05-31T20:14:28.201894+00:00,2026-05-31 20:14:28.201894+00:00,Sean O'Malley,Aiemann Zahabi,UFC Freedom 250,bantamweight,database_scored_at_before_event,,,XGBoost (calibrated),/home/wlodzimierrr/ufc-data/models/xgb/20260328T221117Z,adopted_recovered_git_report
18811344-e080-54b1-b048-75a9dc30270f,25be6b85-905a-5d37-9def-590a06062f74,053561bb-c3e9-5bfe-9395-ba3afaac7e43,9c3a90ef-5d56-5cf8-878a-e3469b9d2763,2026-07-11,2026-07-01T10:06:40.765321+00:00,2026-07-01 10:06:40.765321+00:00,Cory Sandhagen,Mario Bautista,UFC 329: McGregor vs. Holloway 2,bantamweight,database_scored_at_before_event,,,XGBoost (calibrated),/home/wlodzimierrr/ufc-data/models/xgb/20260328T221117Z,adopted_recovered_git_report
224b4e77-d532-5698-bfb9-28bcc317e207,25be6b85-905a-5d37-9def-590a06062f74,27aade73-4b41-508e-b8cd-6ae9e8c0c370,febded63-7cc3-5c8c-a402-afa23cc20333,2026-07-11,2026-07-01T10:06:40.765321+00:00,2026-07-01 10:06:40.765321+00:00,Conor McGregor,Max Holloway,UFC 329: McGregor vs. Holloway 2,welterweight,database_scored_at_before_event,,,XGBoost (calibrated),/home/wlodzimierrr/ufc-data/models/xgb/20260328T221117Z,adopted_recovered_git_report
32e6fca7-c9fe-55d8-ad76-9f279ceebb10,25be6b85-905a-5d37-9def-590a06062f74,09cd8b8a-61ba-5644-a413-8631dae4b3e5,683b731a-a123-55c8-b634-73326fba6010,2026-07-11,2026-07-01T10:06:40.765321+00:00,2026-07-01 10:06:40.765321+00:00,Brandon Royval,Lone'er Kavanagh,UFC 329: McGregor vs. Holloway 2,flyweight,database_scored_at_before_event,,,XGBoost (calibrated),/home/wlodzimierrr/ufc-data/models/xgb/20260328T221117Z,adopted_recovered_git_report
442b9d86-0667-5b20-8252-11142ef3f7ad,25be6b85-905a-5d37-9def-590a06062f74,60b37a9f-41e1-5078-a8d8-ae8f11d9b644,3019935f-7428-5698-b88f-f062db349e0c,2026-07-11,2026-07-01T10:06:40.765321+00:00,2026-07-01 10:06:40.765321+00:00,Tracy Cortez,Wang Cong,UFC 329: McGregor vs. Holloway 2,women_flyweight,database_scored_at_before_event,,,XGBoost (calibrated),/home/wlodzimierrr/ufc-data/models/xgb/20260328T221117Z,adopted_recovered_git_report
5932c3e6-b325-5aee-907a-da13719ec80f,25be6b85-905a-5d37-9def-590a06062f74,04b0f39e-febc-5235-bba4-778a6a0c9a7a,21d2d73b-2a4f-5094-96dc-abe279ed5510,2026-07-11,2026-07-01T10:06:40.765321+00:00,2026-07-01 10:06:40.765321+00:00,Cody Garbrandt,Adrian Yanez,UFC 329: McGregor vs. Holloway 2,bantamweight,database_scored_at_before_event,,,XGBoost (calibrated),/home/wlodzimierrr/ufc-data/models/xgb/20260328T221117Z,adopted_recovered_git_report
5edb9b16-dc50-5cbd-8de0-acf34642892c,25be6b85-905a-5d37-9def-590a06062f74,2e29b4ae-a45f-5b6b-a351-f23d862f13b1,ca53c43b-dac1-59df-86e5-eeccaef5648b,2026-07-11,2026-07-01T10:06:40.765321+00:00,2026-07-01 10:06:40.765321+00:00,Luke Riley,Kai Kamaka III,UFC 329: McGregor vs. Holloway 2,featherweight,database_scored_at_before_event,,,XGBoost (calibrated),/home/wlodzimierrr/ufc-data/models/xgb/20260328T221117Z,adopted_recovered_git_report
6ccd1d31-8d51-5f94-a9e9-253c8b97e8fc,25be6b85-905a-5d37-9def-590a06062f74,21ac9deb-4259-5204-b882-a73a831c84d1,a1be629f-fcb0-5fe3-8d34-a45af64ba5e5,2026-07-11,2026-07-01T10:06:40.765321+00:00,2026-07-01 10:06:40.765321+00:00,Robert Whittaker,Nikita Krylov,UFC 329: McGregor vs. Holloway 2,light_heavyweight,database_scored_at_before_event,,,XGBoost (calibrated),/home/wlodzimierrr/ufc-data/models/xgb/20260328T221117Z,adopted_recovered_git_report
7071379e-dc1c-5ae7-a5aa-87a4c1e8d94a,25be6b85-905a-5d37-9def-590a06062f74,e84ae733-0e6b-594e-9064-ecbddca6d8b1,e92d0659-c9b7-5720-a95d-244d3497bf76,2026-07-11,2026-07-01T10:06:40.765321+00:00,2026-07-01 10:06:40.765321+00:00,Damian Pinas,Cesar Almeida,UFC 329: McGregor vs. Holloway 2,middleweight,database_scored_at_before_event,,,XGBoost (calibrated),/home/wlodzimierrr/ufc-data/models/xgb/20260328T221117Z,adopted_recovered_git_report
949f5ffc-911a-5802-8474-79be9265aa60,25be6b85-905a-5d37-9def-590a06062f74,6c80aabe-5671-5caf-a5e4-bd0f0dbf1448,c07ef02b-713c-50c1-8b68-be772f2c67f4,2026-07-11,2026-07-01T10:06:40.765321+00:00,2026-07-01 10:06:40.765321+00:00,Gable Steveson,Elisha Ellison,UFC 329: McGregor vs. Holloway 2,heavyweight,database_scored_at_before_event,,,XGBoost (calibrated),/home/wlodzimierrr/ufc-data/models/xgb/20260328T221117Z,adopted_recovered_git_report
a870b1bb-7da1-5673-90ae-c1ae6973745e,25be6b85-905a-5d37-9def-590a06062f74,99376c9c-5a7a-5ce6-a66f-e64630100040,b93414ee-85f2-5bdc-91e0-2d9e87c2fa48,2026-07-11,2026-07-01T10:06:40.765321+00:00,2026-07-01 10:06:40.765321+00:00,Benoit Saint Denis,Paddy Pimblett,UFC 329: McGregor vs. Holloway 2,lightweight,database_scored_at_before_event,,,XGBoost (calibrated),/home/wlodzimierrr/ufc-data/models/xgb/20260328T221117Z,adopted_recovered_git_report
1a13461f-cb73-500f-af1a-69821186f4ef,48962122-b1ec-54f5-bbe1-ab316e445778,c02298b4-029f-5cd4-8049-4a4fb48e4bd9,fde53ea8-271c-5adc-b7e0-011ae07069ff,2026-08-15,2026-08-09T11:17:50.025384+00:00,2026-08-09 11:17:50.025384+00:00,Donte Johnson,Eric McConico,UFC 330: Makhachev vs. Machado Garry,middleweight,database_scored_at_before_event,,,XGBoost (calibrated),/home/wlodzimierrr/ufc-data/models/xgb/20260328T221117Z,adopted_recovered_git_report
5a3642f8-6fc9-529e-84ec-7f1e26f6029c,48962122-b1ec-54f5-bbe1-ab316e445778,cc08d7e7-3dda-5a30-bb64-9f59e9136e5e,53049461-2332-5cad-a2a2-c7b4a868b2db,2026-08-15,2026-08-09T11:17:50.025384+00:00,2026-08-09 11:17:50.025384+00:00,Chidi Njokuani,Joel Alvarez,UFC 330: Makhachev vs. Machado Garry,welterweight,database_scored_at_before_event,,,XGBoost (calibrated),/home/wlodzimierrr/ufc-data/models/xgb/20260328T221117Z,adopted_recovered_git_report
6ce25780-ce0a-5d15-af12-449dd59dcef9,48962122-b1ec-54f5-bbe1-ab316e445778,78dd112a-0e6b-5883-9baa-56029f061c48,4a80cd8d-8d59-5ddc-b947-0ac033395b5c,2026-08-15,2026-08-09T11:17:50.025384+00:00,2026-08-09 11:17:50.025384+00:00,Mackenzie Dern,Gillian Robertson,UFC 330: Makhachev vs. Machado Garry,women_strawweight,database_scored_at_before_event,,,XGBoost (calibrated),/home/wlodzimierrr/ufc-data/models/xgb/20260328T221117Z,adopted_recovered_git_report
9dea30d6-3bd4-5300-abe3-a2a141e5dd38,48962122-b1ec-54f5-bbe1-ab316e445778,049cb528-be3f-5ec7-bc9c-968a95278cd7,74a68e93-6e51-569a-a3b8-a4c058935760,2026-08-15,2026-08-09T11:17:50.025384+00:00,2026-08-09 11:17:50.025384+00:00,Neil Magny,Ramiz Brahimaj,UFC 330: Makhachev vs. Machado Garry,welterweight,database_scored_at_before_event,,,XGBoost (calibrated),/home/wlodzimierrr/ufc-data/models/xgb/20260328T221117Z,adopted_recovered_git_report
a3fb6800-9485-5a30-9631-947107de6cc0,48962122-b1ec-54f5-bbe1-ab316e445778,d965808a-7e76-56e1-b147-6cbc20d3679d,204fb441-9853-5b04-9e3a-1be83e88d8ac,2026-08-15,2026-08-09T11:17:50.025384+00:00,2026-08-09 11:17:50.025384+00:00,Rafael Tobias,Lucas Fernando,UFC 330: Makhachev vs. Machado Garry,light_heavyweight,database_scored_at_before_event,,,XGBoost (calibrated),/home/wlodzimierrr/ufc-data/models/xgb/20260328T221117Z,adopted_recovered_git_report
b22727f6-fdd0-50cb-b23b-2b12c4a033eb,48962122-b1ec-54f5-bbe1-ab316e445778,c6a5c210-03cc-5aff-b654-4273eb86bb46,7656d82f-69ae-5658-988b-3c3b4a4a097a,2026-08-15,2026-08-09T11:17:50.025384+00:00,2026-08-09 11:17:50.025384+00:00,Jeremiah Wells,Myktybek Orolbai,UFC 330: Makhachev vs. Machado Garry,welterweight,database_scored_at_before_event,,,XGBoost (calibrated),/home/wlodzimierrr/ufc-data/models/xgb/20260328T221117Z,adopted_recovered_git_report
c092c6df-3e03-5b63-a91c-9015fc1b28c5,48962122-b1ec-54f5-bbe1-ab316e445778,6864343b-26e5-5d4f-af7d-06c5b02f993b,5668c209-69b2-519b-a48d-dd665796239d,2026-08-15,2026-08-09T11:17:50.025384+00:00,2026-08-09 11:17:50.025384+00:00,Mansur Abdul-Malik,Dustin Stoltzfus,UFC 330: Makhachev vs. Machado Garry,middleweight,database_scored_at_before_event,,,XGBoost (calibrated),/home/wlodzimierrr/ufc-data/models/xgb/20260328T221117Z,adopted_recovered_git_report
c5b04dfd-5162-5c48-b57f-feac1b4f3404,48962122-b1ec-54f5-bbe1-ab316e445778,caa9069c-29c1-5aa0-93b5-c24227eb2ac7,61eef600-2211-557a-aaed-f64e93ad2543,2026-08-15,2026-08-09T11:17:50.025384+00:00,2026-08-09 11:17:50.025384+00:00,Islam Makhachev,Ian Machado Garry,UFC 330: Makhachev vs. Machado Garry,welterweight,database_scored_at_before_event,,,XGBoost (calibrated),/home/wlodzimierrr/ufc-data/models/xgb/20260328T221117Z,adopted_recovered_git_report
d83d42a9-3a36-594f-961d-5799b915635a,48962122-b1ec-54f5-bbe1-ab316e445778,ab27a10d-cb4b-5700-88c8-dd28b2168719,62d1b828-2d07-5629-a3bc-a588fe340b11,2026-08-15,2026-08-09T11:17:50.025384+00:00,2026-08-09 11:17:50.025384+00:00,Jalin Turner,Kaue Fernandes,UFC 330: Makhachev vs. Machado Garry,lightweight,database_scored_at_before_event,,,XGBoost (calibrated),/home/wlodzimierrr/ufc-data/models/xgb/20260328T221117Z,adopted_recovered_git_report
d9a8f553-e490-5101-bfab-44a3ef3ef5b9,48962122-b1ec-54f5-bbe1-ab316e445778,20f3cfbb-e664-537c-a0bf-29341a395b7a,7bcb343a-1747-5ca8-b23a-560706290c4a,2026-08-15,2026-08-09T11:17:50.025384+00:00,2026-08-09 11:17:50.025384+00:00,Edson Barboza,Esteban Ribovics,UFC 330: Makhachev vs. Machado Garry,lightweight,database_scored_at_before_event,,,XGBoost (calibrated),/home/wlodzimierrr/ufc-data/models/xgb/20260328T221117Z,adopted_recovered_git_report
ea4f813c-70c3-5b24-a8d6-5da7d5d85b51,48962122-b1ec-54f5-bbe1-ab316e445778,d5c3a97b-0f86-583e-bb64-1c9e43049c36,25f1d395-e071-5636-abc9-56ba8e08f9fc,2026-08-15,2026-08-09T11:17:50.025384+00:00,2026-08-09 11:17:50.025384+00:00,Vicente Luque,Tresean Gore,UFC 330: Makhachev vs. Machado Garry,middleweight,database_scored_at_before_event,,,XGBoost (calibrated),/home/wlodzimierrr/ufc-data/models/xgb/20260328T221117Z,adopted_recovered_git_report
1ce74697-5531-568f-b769-051f65fb459f,c7f3aa1f-f4d4-5ec3-ad1c-d885a1a03f40,aa1ccfcd-2847-58e0-b1b2-878ab573b57a,7ca3e5fa-3a3e-52ea-ad9d-4b3326bb8923,2026-08-22,2026-08-16T20:25:39.927324+00:00,2026-08-16 20:25:39.927324+00:00,Carli Judice,Jeisla Chaves,UFC Fight Night: Hernandez vs. Rodrigues,women_strawweight,database_scored_at_before_event,,,XGBoost (calibrated),/home/wlodzimierrr/ufc-data/models/xgb/20260328T221117Z,adopted_recovered_git_report
32d7a6c3-bb16-573d-acdd-562fb93af46b,c7f3aa1f-f4d4-5ec3-ad1c-d885a1a03f40,ff4dd3b0-ce2a-5d77-a5c0-0f8a92ba7646,a4e4beff-909b-546f-96c4-0300e4997331,2026-08-22,2026-08-16T20:25:39.927324+00:00,2026-08-16 20:25:39.927324+00:00,Kennedy Nzechukwu,Shamil Gaziev,UFC Fight Night: Hernandez vs. Rodrigues,heavyweight,database_scored_at_before_event,,,XGBoost (calibrated),/home/wlodzimierrr/ufc-data/models/xgb/20260328T221117Z,adopted_recovered_git_report
384559ef-d5df-5af4-9c7f-a58c7c359359,c7f3aa1f-f4d4-5ec3-ad1c-d885a1a03f40,bab393ec-7db3-5ba0-9305-f27ae8bcc685,5587cf9d-f4d8-5937-9788-8055a4d48e37,2026-08-22,2026-08-16T20:25:39.927324+00:00,2026-08-16 20:25:39.927324+00:00,MarQuel Mederos,Mason Jones,UFC Fight Night: Hernandez vs. Rodrigues,lightweight,database_scored_at_before_event,,,XGBoost (calibrated),/home/wlodzimierrr/ufc-data/models/xgb/20260328T221117Z,adopted_recovered_git_report
3a247061-eef3-5698-aeb4-82d62b5164c1,c7f3aa1f-f4d4-5ec3-ad1c-d885a1a03f40,d25d2c4d-4656-570a-bd17-9c573d98b4d1,816d5d3f-ef76-591b-9979-63735a26b250,2026-08-22,2026-08-16T20:25:39.927324+00:00,2026-08-16 20:25:39.927324+00:00,Marcio Barbosa,Ryan Kuse,UFC Fight Night: Hernandez vs. Rodrigues,featherweight,database_scored_at_before_event,,,XGBoost (calibrated),/home/wlodzimierrr/ufc-data/models/xgb/20260328T221117Z,adopted_recovered_git_report
58dbd5ff-f2df-5814-854c-a8c4fb45486f,c7f3aa1f-f4d4-5ec3-ad1c-d885a1a03f40,ef928ca1-1687-5572-8e81-9d9eae66e85f,c993afb4-3955-5edb-a748-2f30c637f7ce,2026-08-22,2026-08-16T20:25:39.927324+00:00,2026-08-16 20:25:39.927324+00:00,Reinier de Ridder,Roman Dolidze,UFC Fight Night: Hernandez vs. Rodrigues,light_heavyweight,database_scored_at_before_event,,,XGBoost (calibrated),/home/wlodzimierrr/ufc-data/models/xgb/20260328T221117Z,adopted_recovered_git_report
8972e4f7-7df7-59cb-92be-bb0bf07dfd27,c7f3aa1f-f4d4-5ec3-ad1c-d885a1a03f40,e9a17afe-ac82-57c4-9db7-32295a7223c5,2e6f8234-5a9a-51a4-a156-eb60a0e037f5,2026-08-22,2026-08-16T20:25:39.927324+00:00,2026-08-16 20:25:39.927324+00:00,Chris Padilla,Nasrat Haqparast,UFC Fight Night: Hernandez vs. Rodrigues,lightweight,database_scored_at_before_event,,,XGBoost (calibrated),/home/wlodzimierrr/ufc-data/models/xgb/20260328T221117Z,adopted_recovered_git_report
a8ba8843-7caa-56c1-8991-937bbfa4ac76,c7f3aa1f-f4d4-5ec3-ad1c-d885a1a03f40,eb085c07-4968-59bd-b127-4a08ea3b01f4,db789b37-6242-5382-aa50-e03deed8450a,2026-08-22,2026-08-16T20:25:39.927324+00:00,2026-08-16 20:25:39.927324+00:00,Wes Schultz,Jackson McVey,UFC Fight Night: Hernandez vs. Rodrigues,middleweight,database_scored_at_before_event,,,XGBoost (calibrated),/home/wlodzimierrr/ufc-data/models/xgb/20260328T221117Z,adopted_recovered_git_report
cc88d51e-6818-5219-89a8-adcca1eccf4d,c7f3aa1f-f4d4-5ec3-ad1c-d885a1a03f40,c160c632-b49e-58f8-9671-94839631abb0,7a343523-cc85-5054-b924-3c49120e4861,2026-08-22,2026-08-16T20:25:39.927324+00:00,2026-08-16 20:25:39.927324+00:00,Gauge Young,Stan Dorsainvil,UFC Fight Night: Hernandez vs. Rodrigues,lightweight,database_scored_at_before_event,,,XGBoost (calibrated),/home/wlodzimierrr/ufc-data/models/xgb/20260328T221117Z,adopted_recovered_git_report
e00625f4-ad7b-50e8-baac-7af1bc43157b,c7f3aa1f-f4d4-5ec3-ad1c-d885a1a03f40,ceffeffd-40ed-5ba8-9ba2-28c1f982e5f0,92fa95cc-048b-5d21-89c6-044c92562649,2026-08-22,2026-08-16T20:25:39.927324+00:00,2026-08-16 20:25:39.927324+00:00,Serghei Spivac,Vitor Petrino,UFC Fight Night: Hernandez vs. Rodrigues,heavyweight,database_scored_at_before_event,,,XGBoost (calibrated),/home/wlodzimierrr/ufc-data/models/xgb/20260328T221117Z,adopted_recovered_git_report
e1a1f140-7576-5843-955e-f3e4e044c8f2,c7f3aa1f-f4d4-5ec3-ad1c-d885a1a03f40,8110cdb9-d1b1-5cb3-9f1c-8cf601304496,41d605df-9392-5afd-8366-a8187b29444c,2026-08-22,2026-08-16T20:25:39.927324+00:00,2026-08-16 20:25:39.927324+00:00,Terrance Chatman,Anthony Wint,UFC Fight Night: Hernandez vs. Rodrigues,heavyweight,database_scored_at_before_event,,,XGBoost (calibrated),/home/wlodzimierrr/ufc-data/models/xgb/20260328T221117Z,adopted_recovered_git_report
e871e0b6-3a81-561d-bad4-bee64c4f87d4,c7f3aa1f-f4d4-5ec3-ad1c-d885a1a03f40,4beefb63-0564-5199-8b9c-d63415f1ec7c,b69f524f-5575-5b30-8794-1d805f6b283a,2026-08-22,2026-08-16T20:25:39.927324+00:00,2026-08-16 20:25:39.927324+00:00,Jamall Emmers,Lerryan Douglas,UFC Fight Night: Hernandez vs. Rodrigues,featherweight,database_scored_at_before_event,,,XGBoost (calibrated),/home/wlodzimierrr/ufc-data/models/xgb/20260328T221117Z,adopted_recovered_git_report
f467a342-40c3-5abd-902c-cdda666a883c,c7f3aa1f-f4d4-5ec3-ad1c-d885a1a03f40,407912df-949c-53f4-a8fd-1b46d7bc5a73,82cb2606-330f-554d-b0c7-ee2f024bc5d8,2026-08-22,2026-08-16T20:25:39.927324+00:00,2026-08-16 20:25:39.927324+00:00,Anthony Hernandez,Gregory Rodrigues,UFC Fight Night: Hernandez vs. Rodrigues,middleweight,database_scored_at_before_event,,,XGBoost (calibrated),/home/wlodzimierrr/ufc-data/models/xgb/20260328T221117Z,adopted_recovered_git_report
fa2eb031-73c9-5807-9b6e-51c8f55cfba6,c7f3aa1f-f4d4-5ec3-ad1c-d885a1a03f40,6337ccd2-4592-5b50-80b4-049e185bb5ab,d9a90c79-4d36-5bc3-962b-c7ea1fe273fb,2026-08-22,2026-08-16T20:25:39.927324+00:00,2026-08-16 20:25:39.927324+00:00,Shanelle Dyer,Elise Reed,UFC Fight Night: Hernandez vs. Rodrigues,women_strawweight,database_scored_at_before_event,,,XGBoost (calibrated),/home/wlodzimierrr/ufc-data/models/xgb/20260328T221117Z,adopted_recovered_git_report
